Steps,Policy/Entropy,Environment/Lesson/SimplePathFinding,Policy/Extrinsic Value Estimate,Policy/Curiosity Value Estimate,Environment/Episode Length,Losses/Value Loss,Losses/Policy Loss,Policy/Learning Rate,Policy/Epsilon,Policy/Beta,Losses/Curiosity Forward Loss,Losses/Curiosity Inverse Loss,Environment/Cumulative Reward,Policy/Extrinsic Reward,Policy/Curiosity Reward,Is Training
30000,1.531443,0.0,0.24228705,1.2006012,212.03603603603602,0.13715976,0.4527421,0.00029952417,0.1998414,0.009984154,0.18720199,0.9562131,0.8930275175686276,0.8930275175686276,7.090729683569265,1.0
60000,1.5519016,0.0,0.28638393,4.0536118,573.7307692307693,0.14853387,0.43721566,0.00029867855,0.19955952,0.009955996,0.22176334,0.28825527,0.7002509282726161,0.7002509282726161,25.671446024246936,1.0
90000,1.4813112,0.0,0.23851271,4.5320473,372.28735632183907,0.07008487,0.44325402,0.00029775282,0.19925094,0.009925167,0.17739448,0.24029042,0.8034068818750053,0.8034068818750053,13.96698995748128,1.0
120000,1.4444987,0.0,0.20453645,4.2397394,652.25,0.15223417,0.41889793,0.00029685572,0.19895189,0.009895295,0.14633118,0.23533462,0.6337092889602794,0.6337092889602794,20.182766926496527,1.0
150000,1.3925524,0.0,0.2118441,4.6548834,523.0579710144928,0.09150645,0.42900118,0.000295933,0.19864434,0.009864569,0.13110611,0.19136132,0.6216067614949355,0.6216067614949355,18.762624883045586,1.0
180000,1.3405845,0.0,0.43325415,3.8443794,189.8930817610063,0.16607235,0.4613891,0.00029504945,0.19834982,0.009835145,0.12617673,0.1380706,0.8965496637560184,0.8965496637560184,5.26907385347618,1.0
210000,1.2933378,0.0,0.4987453,3.9219193,133.58767772511848,0.06917639,0.43915826,0.00029413123,0.19804372,0.009804568,0.13218465,0.10784506,0.9341071383428893,0.9341071383428893,3.390731666303639,1.0
240000,1.2217312,0.0,0.59623915,3.5726779,104.89516129032258,0.06488241,0.4689906,0.0002932747,0.19775821,0.009776045,0.09820764,0.077679075,0.9490739990770817,0.9490739990770817,2.0462244179844857,1.0
270000,1.2376384,0.0,0.5427265,3.2138033,119.4695340501792,0.07087963,0.46459565,0.00029235816,0.19745277,0.009745527,0.08323132,0.07175366,0.9395866399960398,0.9395866399960398,1.9328576635152424,1.0
300000,1.2344774,1.0,0.5911939,3.1386373,91.71865443425077,0.14955044,0.47536874,0.00029144756,0.19714917,0.009715202,0.105668664,0.19839649,0.9536886773534916,0.9536886773534916,2.022572951215618,1.0
330000,1.1198375,1.0,0.6544295,3.4158258,77.832,0.012102496,0.45569822,0.00029053568,0.19684523,0.009684838,0.101104945,0.13061032,0.960539680881002,0.960539680881002,1.6318649890482742,1.0
360000,1.0998225,2.0,0.45960242,2.309943,165.27777777777777,0.0072496,0.42423064,0.00028966888,0.19655631,0.009655974,0.07196747,0.2856404,0.9516249994215157,0.9516249994215157,1.5627118813073528,1.0
390000,1.3154148,2.0,0.14415689,1.72423,551.3142857142857,0.012187281,0.38889444,0.00028873963,0.19624655,0.009625028,0.08086018,0.23358281,0.5286805784857985,0.5286805784857985,8.93712696255143,1.0
420000,1.3002583,2.0,0.4289097,1.9801714,158.125,0.009591924,0.4278589,0.0002878718,0.19595724,0.009596131,0.07400263,0.13929527,0.8845788758733998,0.8845788758733998,2.7567180376615585,1.0
450000,1.284687,2.0,0.4319598,1.8223592,205.1387283236994,0.009594055,0.4137756,0.00028695966,0.19565322,0.009565757,0.07232901,0.108173296,0.8800283177739623,0.8800283177739623,2.8601867225602526,1.0
480000,1.2503026,2.0,0.46766597,1.6850638,141.10502283105023,0.007941156,0.4220252,0.00028604458,0.19534819,0.009535283,0.06815743,0.12834668,0.9174824362484421,0.9174824362484421,1.9438568149761455,1.0
510000,1.1925918,2.0,0.49118882,1.802492,138.4056603773585,0.008474659,0.4636123,0.00028514,0.19504666,0.00950516,0.0663988,0.10741872,0.9231300436862381,0.9231300436862381,1.8160684765755062,1.0
540000,1.121072,2.0,0.5123677,1.566069,118.97328244274809,0.008244837,0.4183476,0.00028424285,0.19474763,0.009475287,0.054419033,0.13283396,0.9330796868016478,0.9330796868016478,1.3645935735257808,1.0
570000,1.075141,3.0,0.64254045,1.3835295,76.45029239766082,0.005539447,0.44084707,0.00028335492,0.19445165,0.0094457185,0.060270324,0.074364886,0.9610558821874506,0.9610558821874506,0.9372801945270861,1.0
600000,1.1458013,3.0,0.5165795,1.5040902,128.03267973856208,0.0050984756,0.47267795,0.0002824693,0.19415644,0.009416228,0.0647667,0.14967358,0.9387320754288128,0.9387320754288128,1.4815478025461144,1.0
630000,1.1563921,3.0,0.38561717,1.761347,251.35555555555555,2.156781,0.43215302,0.00028156684,0.19385563,0.009386174,0.2882233,0.2229927,0.8054970329006513,0.8054970329006513,9.235579409560671,1.0
660000,1.1659384,3.0,0.4344726,1.5939965,198.55421686746988,0.00677562,0.37942263,0.0002806688,0.19355628,0.009356271,0.057201985,0.13592485,0.8607199954264092,0.8607199954264092,2.4850080187573576,1.0
690000,1.1707457,3.0,0.4531181,1.374591,162.6153846153846,0.006171019,0.4153583,0.00027975184,0.19325058,0.009325734,0.055060934,0.09663362,0.9061103425491815,0.9061103425491815,1.9760048491933822,1.0
720000,1.0684321,3.0,0.4881634,1.2765019,111.43145161290323,0.0052040163,0.45675322,0.00027887383,0.19295794,0.009296496,0.04936697,0.09867248,0.9318442589710237,0.9318442589710237,1.1266517939320841,1.0
750000,1.0126411,3.0,0.5657758,1.2196597,108.55521472392638,0.006140507,0.48058963,0.000277953,0.192651,0.0092658335,0.0479941,0.072562724,0.9426830244239097,0.9426830244239097,1.0880260492996945,1.0
780000,1.0082289,4.0,0.5141847,1.148356,83.02536231884058,0.004386847,0.49876988,0.00027706815,0.19235602,0.009236367,0.04560736,0.07281477,0.9571605823444624,0.9571605823444624,0.7908531288432814,1.0
810000,1.062089,4.0,0.4510942,1.0979588,136.23394495412845,0.0050151125,0.45354226,0.0002761338,0.1920446,0.009205254,0.04426963,0.10968967,0.9150795542531543,0.9150795542531543,1.2090206364459462,1.0
840000,1.1644375,4.0,0.38527206,1.112451,164.2,0.0072474116,0.43543518,0.00027524348,0.19174781,0.009175606,0.05202742,0.09401338,0.8857568934902378,0.8857568934902378,1.640068267868168,1.0
870000,1.1894065,4.0,0.38781992,1.097209,199.5625,0.0045757256,0.4416723,0.0002743297,0.1914432,0.009145178,0.043557186,0.07880425,0.8770210499826231,0.8770210499826231,1.7287316398793144,1.0
900000,1.0642611,4.0,0.49451151,1.2659494,121.24904214559388,0.0060897237,0.48263997,0.0002734282,0.19114272,0.009115158,0.044379946,0.07039721,0.9300660140288528,0.9300660140288528,1.191019010686432,1.0
930000,1.0328315,4.0,0.44341433,1.0857415,119.49789029535864,0.004287411,0.5062323,0.00027254337,0.1908478,0.009085692,0.03915473,0.08427202,0.9279868308408761,0.9279868308408761,0.9565826334641794,1.0
960000,0.9795303,4.0,0.52393484,1.048794,93.09880239520957,0.00871861,0.5362149,0.00027165815,0.1905527,0.009056215,0.042258006,0.054701917,0.9486305800007389,0.9486305800007389,0.8719146940999576,1.0
990000,0.9417418,5.0,0.52124727,1.023992,86.71787709497207,0.003990393,0.60148066,0.00027072572,0.1902419,0.009025165,0.037811413,0.07731438,0.9485542221598794,0.9485542221598794,0.697223693914001,1.0
1020000,0.96067876,5.0,0.4115838,0.9611618,125.46330275229357,0.004373493,0.5236033,0.0002698535,0.18995117,0.00899612,0.038133793,0.07726991,0.9110048293239541,0.9110048293239541,0.9839032391527137,1.0
1050000,0.9826545,5.0,0.4079799,0.93120164,134.08520179372198,0.004176627,0.4846009,0.00026892393,0.18964131,0.008965166,0.037231155,0.106357165,0.910547999507851,0.910547999507851,0.9556208208534452,1.0
1080000,0.9939369,5.0,0.54547715,0.89028597,93.72727272727273,0.0039691944,0.573196,0.00026803665,0.18934552,0.00893562,0.035357457,0.073504366,0.9573715572965984,0.9573715572965984,0.6013345545106524,1.0
1110000,0.9177793,6.0,0.5665458,0.85165906,61.974554707379134,0.0033093502,0.6056714,0.0002671348,0.18904494,0.008905589,0.033960957,0.06605688,0.9656446387717255,0.9656446387717255,0.5052307606802469,1.0
1140000,1.0578544,6.0,0.541321,0.99875826,126.80753138075313,0.9837187,0.48969656,0.0002662583,0.18875274,0.0088764,0.18135734,0.12438141,0.9272843856160148,0.9272843856160148,1.403236121424564,1.0
1170000,1.1165118,7.0,0.4207311,1.5485468,249.71428571428572,0.039594993,0.432268,0.00026538,0.18846,0.008847154,0.060364578,0.15289071,0.8923026297339484,0.8923026297339484,3.2005037141865804,1.0
1200000,1.1197735,7.0,0.1991335,1.2286996,633.8545454545455,0.008605601,0.40996757,0.00026446168,0.1881539,0.008816573,0.04661342,0.1418018,0.42924072013960946,0.42924072013960946,7.381326696594004,1.0
1230000,1.1002644,7.0,0.20249867,1.0299072,470.39130434782606,0.0045829746,0.38304833,0.00026356665,0.18785554,0.008786769,0.038292024,0.09032987,0.6618541556720933,0.6618541556720933,4.221306147713524,1.0
1260000,1.1218671,7.0,0.1080317,0.907047,680.542372881356,0.0062145316,0.3895443,0.00026264045,0.18754682,0.008755926,0.04411175,0.12439675,0.4376053392354931,0.4376053392354931,5.568466864127133,1.0
1290000,1.174303,7.0,0.18957074,0.9188923,445.7368421052632,0.0037222197,0.40099233,0.00026175572,0.18725188,0.008726463,0.0384223,0.09351658,0.6924166573832432,0.6924166573832432,3.674488542958473,1.0
1320000,1.1372697,7.0,0.13282175,0.9511485,561.3548387096774,0.006973316,0.4422754,0.00026084983,0.18694995,0.008696299,0.04846792,0.09177137,0.5507982914983216,0.5507982914983216,4.446272985551948,1.0
1350000,1.190741,7.0,0.16411795,1.0775958,558.2542372881356,0.004454169,0.3987563,0.000259943,0.18664765,0.008666101,0.03974903,0.086733386,0.5961903058473141,0.5961903058473141,5.089596779956933,1.0
1380000,1.1275746,7.0,0.19334911,0.81933904,325.5833333333333,0.0040458026,0.40285587,0.0002590671,0.18635568,0.008636933,0.037493255,0.11208053,0.7911402706263794,0.7911402706263794,2.6154543021176426,1.0
1410000,1.1691482,7.0,0.23397872,0.853991,404.13698630136986,0.014303408,0.4446029,0.00025815677,0.18605223,0.008606618,0.039338417,0.08836329,0.7269194307737052,0.7269194307737052,3.4270397923472853,1.0
1440000,1.241315,7.0,0.16012825,0.85935086,553.84,0.0035767108,0.38678142,0.00025725583,0.18575193,0.008576618,0.038732197,0.11819849,0.5037079866230488,0.5037079866230488,4.873410438597202,1.0
1470000,1.1842529,7.0,0.21364385,0.9644769,411.22352941176473,0.0049493364,0.42248634,0.0002563633,0.18545444,0.008546897,0.040379573,0.09735383,0.7031373362314989,0.7031373362314989,3.3317795849842837,1.0
1500000,1.0982575,7.0,0.27416247,0.9081717,295.53846153846155,0.009322097,0.47667572,0.00025546522,0.18515508,0.008516991,0.039454013,0.09428413,0.806416240008548,0.806416240008548,2.1743938396684825,1.0
1530000,1.0953984,7.0,0.26149896,0.9824979,482.6081081081081,0.0086849695,0.43299866,0.00025455796,0.18485263,0.008486779,0.04291133,0.10098827,0.5982972821472464,0.5982972821472464,4.74666802383758,1.0
1560000,1.064965,7.0,0.25829065,0.8335381,377.59139784946234,0.0040095816,0.40933886,0.00025365662,0.18455222,0.008456765,0.03216732,0.09978641,0.7409197679915271,0.7409197679915271,2.6822559914991753,1.0
1590000,1.1820313,7.0,0.27975,0.73134726,336.9873417721519,0.018663673,0.44754514,0.00025274427,0.18424809,0.008426382,0.040140923,0.08811874,0.7427538385949074,0.7427538385949074,2.789996896333133,1.0
1620000,1.1443187,7.0,0.29117948,0.7810199,289.41,0.004152751,0.45461622,0.00025183888,0.18394628,0.008396235,0.031628955,0.09295032,0.7944306846302335,0.7944306846302335,2.2267019107273898,1.0
1650000,1.2075467,7.0,0.2684208,0.7531607,377.7307692307692,0.003720135,0.3990478,0.00025094024,0.18364675,0.008366309,0.03468988,0.07698882,0.7702921990353566,0.7702921990353566,2.1621451321263594,1.0
1680000,1.1360503,7.0,0.3125834,0.83744526,320.98,0.004245169,0.41803446,0.00025002097,0.1833403,0.008335696,0.037240528,0.09973853,0.7483291564664493,0.7483291564664493,2.648004546902181,1.0
1710000,1.1662487,7.0,0.32558012,0.6837114,349.2926829268293,0.004848526,0.44704956,0.00024913475,0.18304491,0.008306186,0.030524861,0.088385485,0.7963799923658371,0.7963799923658371,2.0157741490313237,1.0
1740000,1.119004,7.0,0.33362496,0.7248245,278.0660377358491,0.006028424,0.4384637,0.00024823248,0.18274416,0.008276141,0.040925454,0.07582196,0.7945981420300625,0.7945981420300625,2.162263893832763,1.0
1770000,1.1482613,7.0,0.27355844,0.7908298,358.7792207792208,0.00381743,0.43326992,0.00024734868,0.18244955,0.0082467105,0.040193006,0.07801519,0.7485781944332979,0.7485781944332979,2.678237721276207,1.0
1800000,1.0936487,7.0,0.33673364,0.8117561,278.8053097345133,0.0038543981,0.41839442,0.00024644544,0.18214849,0.0082166325,0.028258141,0.084675275,0.8009575110225551,0.8009575110225551,1.7499613480362217,1.0
1830000,1.0831581,7.0,0.30524963,0.7358362,293.6578947368421,0.004139719,0.41518837,0.00024551776,0.18183924,0.00818574,0.031135553,0.08701296,0.7730687433255038,0.7730687433255038,1.75536707486026,1.0
1860000,1.098941,7.0,0.43214527,1.058774,202.08396946564886,0.71248764,0.42289537,0.00024463807,0.18154602,0.008156445,0.12493988,0.13227193,0.8592526677796859,0.8592526677796859,5.02767252273687,1.0
1890000,1.1442716,7.0,0.3472908,0.8403398,306.27659574468083,0.0039195144,0.39189306,0.00024371325,0.18123771,0.008125649,0.026441528,0.07031263,0.78601769831342,0.78601769831342,2.1426299022762882,1.0
1920000,1.0113091,7.0,0.43987668,0.8020466,213.8716216216216,0.2612414,0.42285013,0.00024284188,0.18094727,0.0080966335,0.068354286,0.088040754,0.8597466156289384,0.8597466156289384,1.442188391990557,1.0
1950000,1.1277803,7.0,0.32949013,1.2006519,250.02941176470588,0.4712483,0.41376808,0.00024198186,0.1806606,0.008067996,0.09248327,0.16032955,0.8254362685131091,0.8254362685131091,5.942303126677871,1.0
1980000,1.0686569,7.0,0.34083116,0.80861795,284.2230769230769,0.0050849477,0.41672447,0.00024104967,0.18034986,0.0080369525,0.02539337,0.07051559,0.7614357055179657,0.7614357055179657,1.6910603116192515,1.0
2010000,1.0895466,7.0,0.3175576,0.7180103,264.5315315315315,0.004294934,0.4059994,0.00024015145,0.18005045,0.00800704,0.025185743,0.047851674,0.809137605814212,0.809137605814212,1.3021431560158183,1.0
2040000,1.011436,7.0,0.366263,0.77051395,221.76923076923077,0.0039196755,0.4411539,0.00023925815,0.1797527,0.007977294,0.02711056,0.0745381,0.8766967424047671,0.8766967424047671,1.15825982081772,1.0
2070000,1.1092995,7.0,0.3388626,0.77321994,297.5353535353535,0.0048866333,0.41895482,0.00023838527,0.17946173,0.007948228,0.027830208,0.06421613,0.7685205799107458,0.7685205799107458,1.7017683276550515,1.0
2100000,1.0709181,7.0,0.3283951,0.79027355,290.76521739130436,0.003652808,0.4302845,0.00023744747,0.17914915,0.007917,0.028175766,0.07154925,0.765285174810776,0.765285174810776,1.780671075952274,1.0
2130000,1.0418689,7.0,0.404695,0.75930583,253.65217391304347,0.0037081726,0.43470243,0.00023655452,0.17885149,0.007887264,0.027776161,0.067626245,0.8179655132879471,0.8179655132879471,1.3041608213639722,1.0
2160000,1.0303842,7.0,0.29289716,0.89594066,322.4315789473684,0.1452693,0.38479978,0.00023567808,0.17855933,0.007858079,0.054804385,0.08200175,0.7603864474998167,0.7603864474998167,3.505291140259942,1.0
2190000,1.0634646,7.0,0.36018217,0.81172144,324.7608695652174,0.0052935644,0.40138665,0.00023476376,0.17825459,0.007827631,0.025919218,0.05585099,0.794340849082957,0.794340849082957,1.9594775720709754,1.0
2220000,0.99820745,7.0,0.38601065,0.62948704,205.22307692307692,0.0035829332,0.43438312,0.0002338682,0.17795604,0.007797809,0.024950404,0.039205607,0.8670061477674887,0.8670061477674887,0.9842143236157986,1.0
2250000,1.0495282,7.0,0.2760327,0.60701954,314.72222222222223,0.0029376238,0.42109093,0.00023295332,0.17765108,0.007767345,0.02824289,0.07296511,0.7386977197602391,0.7386977197602391,1.72675261616347,1.0
2280000,1.038677,7.0,0.29614863,0.7627152,314.77450980392155,0.008122899,0.43277547,0.00023205134,0.17735043,0.0077373087,0.030469056,0.09241683,0.7858087333660682,0.7858087333660682,1.710930987722376,1.0
2310000,1.0492251,7.0,0.3278369,1.006243,317.4835164835165,0.63390726,0.43106627,0.0002311486,0.17704953,0.0077072484,0.06508826,0.08838372,0.736177521391531,0.736177521391531,6.325556672272388,1.0
2340000,1.0039325,7.0,0.26674637,0.63270307,288.3727272727273,0.0038083836,0.42300096,0.00023022332,0.1767411,0.0076764366,0.023819461,0.053037994,0.8272499923678962,0.8272499923678962,1.2884593059732155,1.0
2370000,1.0447048,7.0,0.27916247,0.54873955,333.86021505376345,0.0024704842,0.3860422,0.00022933412,0.1764447,0.007646825,0.021941068,0.053515065,0.7872063078378376,0.7872063078378376,1.4373090473444838,1.0
2400000,0.9856275,7.0,0.2393586,0.5092111,264.468085106383,0.0032837049,0.392498,0.00022844154,0.1761472,0.0076171015,0.023915665,0.067059115,0.8098744626771263,0.8098744626771263,1.2536652633484373,1.0
2430000,1.0716434,7.0,0.3190404,0.5356337,293.27777777777777,0.002671981,0.40660807,0.00022754657,0.17584884,0.007587299,0.02290583,0.043346286,0.7666414347183597,0.7666414347183597,1.5034914245610838,1.0
2460000,1.0473425,7.0,0.3075091,0.4558233,253.43650793650792,0.002899497,0.4238761,0.00022666168,0.17555387,0.007557832,0.02158728,0.038729902,0.7859015813067792,0.7859015813067792,1.203065011768587,1.0
2490000,0.9775943,7.0,0.37588206,0.65448266,210.0662251655629,0.026835818,0.47330666,0.0002257604,0.17525345,0.0075278203,0.038113184,0.048001066,0.8694509764025414,0.8694509764025414,1.693007677245666,1.0
2520000,1.046092,7.0,0.230788,0.6614511,286.0978260869565,0.0037628238,0.41848996,0.00022482891,0.17494296,0.0074968,0.025342915,0.04538841,0.7915767354154309,0.7915767354154309,1.726906956281773,1.0
2550000,1.0351353,7.0,0.29796895,0.59898496,299.6730769230769,0.0033688094,0.40790805,0.00022392416,0.17464137,0.007466673,0.024467526,0.06686907,0.7893231391078896,0.7893231391078896,1.5421185308756928,1.0
2580000,1.0166311,7.0,0.30351982,0.57047695,276.3272727272727,0.0033374277,0.44507974,0.00022303742,0.1743458,0.0074371463,0.02550298,0.079482,0.8088035968107146,0.8088035968107146,1.5325163075540986,1.0
2610000,1.0979449,7.0,0.26158142,0.51982343,370.76623376623377,0.0026110688,0.380315,0.0002221682,0.17405607,0.0074081994,0.023998596,0.053171176,0.7103973917856619,0.7103973917856619,1.6967663702542906,1.0
2640000,0.99466246,7.0,0.46214646,0.58693606,212.62111801242236,0.0035163616,0.4296622,0.00022125433,0.17375144,0.007377768,0.02398945,0.051112156,0.8654249948091232,0.8654249948091232,1.0524150209907346,1.0
2670000,1.0340971,7.0,0.34508625,0.5295316,222.4957264957265,0.0027728204,0.45471725,0.00022035556,0.17345183,0.0073478394,0.022845404,0.06387609,0.851019666270643,0.851019666270643,1.0419053543878138,1.0
2700000,1.0180607,7.0,0.3503154,0.4817419,215.40579710144928,0.0028774557,0.46570796,0.00021946827,0.17315608,0.0073182923,0.01943077,0.032817278,0.8555912359134994,0.8555912359134994,0.9125191741317076,1.0
2730000,0.9523412,7.0,0.424444,0.5140605,189.74719101123594,0.003519243,0.44578445,0.0002185717,0.17285722,0.007288436,0.024636945,0.047133993,0.8706988640929346,0.8706988640929346,0.9025171290356981,1.0
2760000,1.0299903,7.0,0.42517456,0.54811513,187.18309859154928,0.003218712,0.47993562,0.00021766832,0.1725561,0.0072583547,0.027020622,0.05028024,0.8696749983355403,0.8696749983355403,0.9976554748735258,1.0
2790000,0.95805997,7.0,0.39741248,0.60203034,210.583850931677,0.004425412,0.4531259,0.00021673109,0.17224368,0.0072271437,0.026621211,0.068531685,0.8767493541997212,0.8767493541997212,1.191917928129745,1.0
2820000,1.0013292,7.0,0.36331806,0.53644454,208.65289256198346,0.0027138647,0.48168442,0.00021585585,0.17195193,0.0071979994,0.022892633,0.07356397,0.8809946099152932,0.8809946099152932,0.9623813790197556,1.0
2850000,1.043426,7.0,0.35134673,0.4987607,251.26190476190476,0.0023458384,0.4530042,0.0002149705,0.17165682,0.0071685174,0.019620163,0.053804256,0.8304495788063885,0.8304495788063885,0.9545668391126,1.0
2880000,0.96517575,7.0,0.39518866,0.5703939,214.3515625,0.0032580476,0.48101717,0.00021406288,0.1713543,0.007138293,0.02575156,0.048063453,0.830604538885933,0.830604538885933,1.175582777412439,1.0
2910000,1.0561335,7.0,0.29457617,0.5538142,291.34234234234236,0.003091975,0.43185705,0.00021315498,0.17105164,0.0071080592,0.025799992,0.0674801,0.778627673097487,0.778627673097487,1.5550893952271767,1.0
2940000,0.9858067,7.0,0.36285686,0.53500783,220.54014598540147,0.0033350557,0.4313114,0.00021223587,0.17074527,0.007077454,0.020870477,0.052013498,0.8656096252026382,0.8656096252026382,0.9971396509557963,1.0
2970000,1.0019319,7.0,0.37669402,0.49000806,191.00689655172414,0.0025385167,0.445069,0.0002113412,0.17044707,0.0070476606,0.022286069,0.07306001,0.8750673769213629,0.8750673769213629,0.8470168539078523,1.0
3000000,0.93054837,7.0,0.39696008,0.4791959,218.1027397260274,0.003315252,0.46591267,0.00021044443,0.17014813,0.0070177964,0.022205804,0.047123637,0.8479789423413182,0.8479789423413182,1.014751912860543,1.0
3030000,1.0342032,7.0,0.36008608,0.48348457,231.07692307692307,0.002951489,0.44523045,0.00020957053,0.16985682,0.006988697,0.022335049,0.04874316,0.8500869537177294,0.8500869537177294,1.0732174293826455,1.0
3060000,1.0586252,7.0,0.27682495,0.5136927,266.76521739130436,0.0027358357,0.43548134,0.00020866368,0.16955453,0.006958498,0.025236644,0.06537443,0.8202136293730953,0.8202136293730953,1.2712239439006556,1.0
3090000,0.93797904,7.0,0.39828986,0.4581836,197.95541401273886,0.002894914,0.43303394,0.00020776349,0.1692545,0.0069285226,0.02292401,0.042030137,0.8642453936619993,0.8642453936619993,0.9061329245247358,1.0
3120000,0.9266759,7.0,0.41720876,0.74436724,161.61714285714285,0.25017822,0.45913774,0.0002068527,0.1689509,0.0068981936,0.048207827,0.097373314,0.9031416649619738,0.9031416649619738,0.7826137488369741,1.0
3150000,0.87969875,7.0,0.4396915,0.8464812,175.18716577540107,0.68824047,0.4563898,0.00020596053,0.16865349,0.0068684835,0.052238427,0.084146336,0.867154968366105,0.867154968366105,3.734803157756154,1.0
3180000,0.8908149,7.0,0.4296464,0.53503335,159.36868686868686,0.0022395125,0.46544155,0.00020506671,0.16835554,0.0068387194,0.01834708,0.03944868,0.8840827386693906,0.8840827386693906,0.6117898148749269,1.0
3210000,0.82348883,7.0,0.43449584,0.51746637,152.25906735751295,0.0036563908,0.49560305,0.00020411966,0.16803984,0.006807183,0.019996515,0.041682724,0.9130523764976749,0.9130523764976749,0.6159852102063793,1.0
3240000,0.8727807,7.0,0.40549704,0.4550815,173.46428571428572,0.004313478,0.50598085,0.00020323518,0.16774504,0.00677773,0.02052702,0.05671964,0.8977211751920335,0.8977211751920335,0.7420584204045179,1.0
3270000,0.83081657,7.0,0.35747698,0.49388504,159.53571428571428,0.0027417005,0.49343634,0.00020232577,0.1674419,0.0067474465,0.01971254,0.04333364,0.8839223500998581,0.8839223500998581,0.7801270376014359,1.0
3300000,0.8431335,7.0,0.39226788,0.45996803,205.48701298701297,0.0022283457,0.46206,0.00020144055,0.16714683,0.0067179683,0.019498441,0.04928762,0.8540822755120978,0.8540822755120978,0.7681296390445926,1.0
3330000,0.8548182,7.0,0.41029444,0.4605113,168.54320987654322,0.0025364545,0.45190263,0.00020057289,0.1668576,0.0066890754,0.018594963,0.03170307,0.8904068287207473,0.8904068287207473,0.6163148339259328,1.0
3360000,0.87080663,7.0,0.42441937,0.53879476,159.36021505376345,0.002535226,0.49211866,0.00019966681,0.1665556,0.0066589033,0.024322998,0.049321424,0.8829602125271033,0.8829602125271033,0.7840120594507904,1.0
3390000,0.8032806,7.0,0.45614612,0.4450953,152.89473684210526,0.0029865573,0.47386283,0.00019876366,0.16625455,0.006628828,0.0169104,0.03931415,0.9039447096606287,0.9039447096606287,0.5392386825898519,1.0
3420000,0.819225,7.0,0.4548126,0.49000505,150.10731707317072,0.00277054,0.50860846,0.00019784064,0.16594689,0.006598092,0.024161283,0.04304656,0.9036848471133094,0.9036848471133094,0.6702028692540045,1.0
3450000,0.9270656,7.0,0.3605849,0.5462696,180.87581699346404,0.0032394116,0.49193957,0.00019696796,0.16565594,0.006569032,0.02730945,0.064974755,0.904860623087734,0.904860623087734,0.7583270173519849,1.0
3480000,0.8399821,7.0,0.38068312,0.5433281,162.92746113989637,0.003029693,0.48642635,0.00019605402,0.16535133,0.0065385965,0.019396432,0.053443413,0.8753850989717435,0.8753850989717435,0.8576289537025893,1.0
3510000,1.0025071,7.0,0.3020551,0.48886415,278.83838383838383,0.0021353718,0.44211373,0.00019512682,0.16504225,0.0065077213,0.023951238,0.06102881,0.7959794076342209,0.7959794076342209,1.0777567295613242,1.0
3540000,0.937969,7.0,0.33880204,0.48852006,192.828025477707,0.012104621,0.4583381,0.00019423924,0.1647464,0.006478165,0.021835653,0.060709126,0.8579439457719493,0.8579439457719493,0.9799257948947181,1.0
3570000,1.0177599,7.0,0.2439461,0.49624926,276.90291262135923,0.0018166124,0.41599756,0.00019335056,0.16445017,0.0064485716,0.020651173,0.05068905,0.7818874933112127,0.7818874933112127,1.3689544436951668,1.0
3600000,0.9456072,7.0,0.35413194,0.514138,219.82978723404256,0.0022408043,0.47952676,0.00019246324,0.16415441,0.0064190244,0.019905718,0.051789965,0.8333895060044902,0.8333895060044902,0.9361051035380655,1.0
3630000,0.7044055,7.0,0.49140278,0.65586215,124.03846153846153,0.0027931717,0.5123814,0.00019155414,0.16385137,0.0063887513,0.020465087,0.059300452,0.9167964945507421,0.9167964945507421,0.5506345273905111,1.0
3660000,0.9920114,7.0,0.34933004,0.56190956,240.2051282051282,0.0027886485,0.45517713,0.0001906411,0.16354702,0.006358347,0.020880995,0.06419398,0.836666930226549,0.836666930226549,0.9845064963822463,1.0
3690000,0.924477,7.0,0.37335223,0.49192664,181.88888888888889,0.0026323954,0.4700647,0.00018975204,0.16325067,0.0063287416,0.017871406,0.040857594,0.8719736173794679,0.8719736173794679,0.6958500226742468,1.0
3720000,0.91719115,7.0,0.36000973,0.47191122,190.15277777777777,0.0028213675,0.46879515,0.00018886104,0.16295369,0.006299071,0.021460908,0.06003337,0.8856782835761183,0.8856782835761183,0.8335278530016934,1.0
3750000,0.85083526,7.0,0.43120134,0.4706902,168.95652173913044,0.0040212665,0.45983407,0.00018796205,0.16265398,0.006269133,0.018772775,0.052855387,0.8877148483833759,0.8877148483833759,0.6954941303275599,1.0
3780000,0.82319313,7.0,0.38889864,0.49370778,185.40764331210192,0.0025981667,0.4739942,0.00018703488,0.16234493,0.00623826,0.025449213,0.059731226,0.8649152840968151,0.8649152840968151,0.9298625608111263,1.0
3810000,0.88315016,7.0,0.39583004,0.5473352,161.71764705882353,0.0027468188,0.48229206,0.0001861479,0.1620493,0.0062087234,0.02424056,0.068684906,0.8937415614365095,0.8937415614365095,0.8232358846903206,1.0
3840000,0.8103215,7.0,0.4552265,0.53941256,140.05853658536586,0.0033101593,0.48416775,0.00018524658,0.16174886,0.006178709,0.021661988,0.055270333,0.9070649042080802,0.9070649042080802,0.7047507991441168,1.0
3870000,0.9501674,7.0,0.30979708,0.45302382,231.87022900763358,0.002238544,0.45633128,0.00018434052,0.16144682,0.0061485386,0.022915635,0.07464844,0.8299022871460623,0.8299022871460623,0.9592045969294227,1.0
3900000,0.84080523,7.0,0.41417068,0.4599612,155.44334975369458,0.0026872398,0.48630577,0.00018345141,0.16115046,0.00611893,0.01907756,0.029321056,0.8974886140094536,0.8974886140094536,0.6420471686305073,1.0
3930000,0.82600385,7.0,0.49670705,0.4843727,133.5,0.0026125598,0.5159064,0.00018255747,0.16085248,0.0060891625,0.021139631,0.041389514,0.9157254700109644,0.9157254700109644,0.5893356112767678,1.0
3960000,0.94521016,7.0,0.3839698,0.41956463,180.88387096774193,0.002090247,0.48823097,0.00018166592,0.16055532,0.006059474,0.018026812,0.049578384,0.8824393486303668,0.8824393486303668,0.7227417813794267,1.0
3990000,0.8855361,7.0,0.43293574,0.46006,170.82978723404256,0.0024737054,0.4760231,0.00018076185,0.16025393,0.006029368,0.020401098,0.04386071,0.8767564498208543,0.8767564498208543,0.6774907799572835,1.0
4020000,0.7509052,7.0,0.47427386,0.48408994,147.33333333333334,0.0027984888,0.46907228,0.00017986726,0.15995574,0.005999577,0.017631989,0.039087925,0.9048511028814946,0.9048511028814946,0.5631192299959943,1.0
4050000,0.7918751,7.0,0.42934662,0.4819332,142.81683168316832,0.0026140548,0.49984017,0.00017895704,0.15965232,0.005969268,0.020308143,0.04699697,0.9134504991397262,0.9134504991397262,0.6210917460452765,1.0
4080000,0.77076757,7.0,0.4441345,0.48155528,138.8849557522124,0.0027856408,0.46951157,0.00017804085,0.15934691,0.0059387586,0.021092804,0.051347427,0.9120840177824509,0.9120840177824509,0.5467710258847435,1.0
4110000,0.7700845,7.0,0.5285718,0.5118618,129.14705882352942,0.002560178,0.5243231,0.00017712885,0.15904294,0.005908389,0.01613327,0.037614707,0.9217487482664486,0.9217487482664486,0.4992662534272919,1.0
4140000,0.6717678,7.0,0.54563695,0.48517594,93.84042553191489,0.0023161997,0.5323856,0.00017625316,0.15875103,0.0058792266,0.014446976,0.020924723,0.9496555179092383,0.9496555179092383,0.25867897478260393,1.0
4170000,0.797138,7.0,0.48460057,0.579551,149.74285714285713,0.0025061364,0.5105222,0.00017533917,0.15844637,0.0058487924,0.023939205,0.045438528,0.9033919784925738,0.9033919784925738,0.7049821207304221,1.0
4200000,0.8284013,7.0,0.41795814,0.53674024,165.77401129943502,0.0028481095,0.4768744,0.00017443828,0.15814607,0.0058187945,0.018294659,0.047973964,0.8884927743011051,0.8884927743011051,0.6612258958733744,1.0
4230000,0.84184575,7.0,0.38276964,0.5091517,190.79754601226995,0.0024242864,0.43718144,0.00017357145,0.15785715,0.0057899286,0.018070163,0.03561669,0.8635783105953989,0.8635783105953989,0.697968244042068,1.0
4260000,0.78996664,7.0,0.45470598,0.4687014,119.06896551724138,0.0023054138,0.5105402,0.00017266661,0.15755554,0.005759797,0.017105738,0.047660783,0.9344524634926843,0.9344524634926843,0.3813087966610498,1.0
4290000,0.90235007,7.0,0.41502863,0.5332611,164.58928571428572,0.002948443,0.470291,0.0001717289,0.15724294,0.0057285703,0.024645586,0.07225629,0.8792945049793982,0.8792945049793982,0.8894486221507555,1.0
4320000,0.7774336,7.0,0.4856253,0.4925856,144.4203539823009,0.002442261,0.47731778,0.00017084039,0.15694678,0.005698983,0.015198953,0.033776738,0.9176831895626393,0.9176831895626393,0.48061231483055766,1.0
4350000,0.7849543,7.0,0.45504385,0.49894542,105.62264150943396,0.0018899707,0.5157067,0.0001699843,0.15666142,0.005670476,0.018413039,0.044948246,0.9328227472178179,0.9328227472178179,0.37211778601719797,1.0
4380000,0.7463939,7.0,0.48930952,0.5364382,149.1171548117155,0.0024256252,0.48381624,0.00016904339,0.1563478,0.005639143,0.018773383,0.04326958,0.9022017453500277,0.9022017453500277,0.5703880109307743,1.0
4410000,0.73194253,7.0,0.4990855,0.544197,127.32083333333334,0.0020085583,0.52931225,0.00016814018,0.15604672,0.0056090667,0.018525366,0.037211556,0.9168271236272476,0.9168271236272476,0.5400923688703703,1.0
4440000,0.7177176,7.0,0.5079803,0.59288186,126.08085106382978,0.0026303444,0.5150741,0.00016726057,0.15575351,0.0055797757,0.018622188,0.033490602,0.9338379281669341,0.9338379281669341,0.458087930969637,1.0
4470000,0.9245737,7.0,0.3717634,0.5874906,176.35416666666666,0.0020243747,0.47375628,0.00016636674,0.15545556,0.005550011,0.022819843,0.045566943,0.8515879976252715,0.8515879976252715,0.9147394315650066,1.0
4500000,0.7808072,7.0,0.43009722,0.55582076,148.82456140350877,0.0024388419,0.4772007,0.00016545152,0.15515049,0.0055195345,0.017868837,0.033291932,0.8922613615678116,0.8922613615678116,0.5945014365758239,1.0
4530000,0.7396301,7.0,0.48977873,0.586918,125.7012987012987,0.0021836124,0.5159248,0.00016453974,0.15484655,0.0054891715,0.017488154,0.047616553,0.9215037484653295,0.9215037484653295,0.4209632238838822,1.0
4560000,0.77835524,7.0,0.44880736,0.6529009,132.42156862745097,0.0027088686,0.4841289,0.00016366315,0.15455437,0.00545998,0.017327545,0.029686784,0.9139078824684538,0.9139078824684538,0.4603487004966388,1.0
4590000,0.87504286,7.0,0.45429125,0.6440202,162.94871794871796,0.0028262022,0.46860987,0.00016275271,0.15425088,0.005429663,0.019638572,0.043005273,0.8821912324536092,0.8821912324536092,0.6311578357906666,1.0
4620000,0.72413146,7.0,0.46947876,0.59463114,132.43933054393307,0.0021665497,0.5343532,0.0001618578,0.15395255,0.0053998623,0.018428566,0.050363705,0.9156021252274513,0.9156021252274513,0.4779366703109538,1.0
4650000,0.59912467,7.0,0.5210672,0.54923207,97.20845921450152,0.0077846926,0.52006936,0.0001609347,0.15364489,0.005369124,0.0163472,0.022700198,0.9427373465380551,0.9427373465380551,0.33158071698149505,1.0
4680000,0.7324561,7.0,0.5036708,0.54250735,115.96624472573839,0.0024020043,0.56943446,0.00016004515,0.15334836,0.0053395005,0.016236445,0.038292117,0.9348428042829037,0.9348428042829037,0.44605274323839694,1.0
4710000,0.7218069,7.0,0.504664,0.5629291,118.68846153846154,0.0023443373,0.51813823,0.000159164,0.15305465,0.00531016,0.016750086,0.034743473,0.9316641714159898,0.9316641714159898,0.37813768346104626,1.0
4740000,0.8046804,7.0,0.4674269,0.49866474,128.81415929203538,0.0019160061,0.51171035,0.00015823885,0.15274628,0.005279352,0.0142131355,0.0399957,0.9104973776957354,0.9104973776957354,0.4076240908610736,1.0
4770000,0.76351875,7.0,0.4671674,0.48232135,133.40271493212668,0.002163773,0.50272524,0.00015734833,0.1524494,0.0052496972,0.014857388,0.024427498,0.9157432409020158,0.9157432409020158,0.3993157250471078,1.0
4800000,0.80120075,7.0,0.3825988,0.44344914,152.58962264150944,0.001993717,0.50629425,0.00015643293,0.15214428,0.005219215,0.0155995535,0.028129976,0.8898079984262586,0.8898079984262586,0.5155188191123307,1.0
4830000,0.7777622,7.0,0.49477005,0.49452457,106.62666666666667,0.002718826,0.51885676,0.00015554664,0.15184884,0.005189701,0.020023601,0.033860084,0.9438864423309342,0.9438864423309342,0.3654159310794735,1.0
4860000,0.9050181,7.0,0.41771322,0.553197,186.35882352941175,0.024553915,0.50525993,0.00015464851,0.15154947,0.005159793,0.017036181,0.039783265,0.8686012091510223,0.8686012091510223,0.9478222655301745,1.0
4890000,0.85158557,7.0,0.3915431,0.499827,163.90860215053763,0.0020833502,0.49205834,0.0001537362,0.15124537,0.005129413,0.01651462,0.026684418,0.8920089884725197,0.8920089884725197,0.6742064215676494,1.0
4920000,0.99806154,7.0,0.26939085,0.4589852,232.24324324324326,0.001951879,0.4645454,0.00015285528,0.15095173,0.005100079,0.019124663,0.06532128,0.85743946889252,0.85743946889252,0.7276534732235106,1.0
4950000,0.827593,7.0,0.35744888,0.46134707,163.4,0.0023773373,0.4886204,0.00015198541,0.15066178,0.005071112,0.016787868,0.030532248,0.8689295867343947,0.8689295867343947,0.7037858131854814,1.0
4980000,0.8452917,7.0,0.39756584,0.48898262,135.2871287128713,0.0028235952,0.48900938,0.00015105231,0.15035076,0.0050400393,0.01793147,0.04979218,0.897374384252015,0.897374384252015,0.5848306122194664,1.0
5010000,0.80455714,7.0,0.47814113,0.47009337,150.04237288135593,0.001908298,0.5539421,0.00015011683,0.15003893,0.0050088875,0.017131891,0.043818306,0.8897400851329339,0.8897400851329339,0.5493231563716484,1.0
5040000,0.9105663,7.0,0.42406136,0.61657155,163.3658536585366,0.36152536,0.4715522,0.00014925066,0.14975022,0.0049800454,0.059955217,0.06999917,0.8911662758436314,0.8911662758436314,1.748773079527932,1.0
5070000,1.0581759,7.0,0.25661486,0.5219227,340.2098765432099,0.0015875397,0.45960525,0.00014836514,0.14945503,0.0049505574,0.020012349,0.09309035,0.6997075907980339,0.6997075907980339,1.5596581837987598,1.0
5100000,0.8597841,7.0,0.36994374,0.47257927,162.8421052631579,0.0023597945,0.49894997,0.00014743675,0.14914556,0.0049196417,0.015908154,0.048925154,0.8910870952832122,0.8910870952832122,0.579058287034352,1.0
5130000,0.76946175,7.0,0.42286006,0.48491105,154.13100436681222,0.0027067852,0.50418144,0.00014653453,0.14884482,0.004889597,0.015630284,0.030974055,0.8981615357483045,0.8981615357483045,0.5209317243554525,1.0
5160000,0.78362155,7.0,0.43737987,0.49972442,118.09433962264151,0.0023536403,0.4904763,0.0001456732,0.14855771,0.0048609157,0.018569548,0.02959286,0.9315163550950657,0.9315163550950657,0.4179048489291813,1.0
5190000,0.78823274,7.0,0.40795845,0.44786295,138.1727272727273,0.0027564934,0.4925471,0.00014476918,0.14825638,0.004830811,0.021017417,0.06623578,0.9029074040138059,0.9029074040138059,0.5950308805137562,1.0
5220000,0.7595144,7.0,0.3815105,0.45039174,137.25,0.0025332605,0.48794255,0.0001438605,0.14795348,0.004800553,0.016456136,0.03589666,0.9162964458922445,0.9162964458922445,0.4922020048054342,1.0
5250000,0.78783,7.0,0.37129536,0.48588118,160.30693069306932,0.002715755,0.5074616,0.00014294653,0.14764883,0.004770118,0.020185355,0.04051899,0.888064318172746,0.888064318172746,0.644089659763706,1.0
5280000,0.8535203,7.0,0.34890053,0.46042636,179.77058823529413,0.0029813019,0.48029336,0.0001420402,0.14734672,0.004739937,0.017810116,0.03576368,0.8821568908276914,0.8821568908276914,0.6032299322407992,1.0
5310000,0.80975044,7.0,0.33992636,0.73289186,150.26767676767676,0.051977444,0.4501889,0.00014114167,0.1470472,0.0047100154,0.0355195,0.04973544,0.8843477136895136,0.8843477136895136,1.4154788407728758,1.0
5340000,0.7078539,7.0,0.4802072,0.44229937,101.896,0.0023398723,0.48507977,0.00014025239,0.14675076,0.0046804026,0.015878897,0.029074086,0.9379620132173678,0.9379620132173678,0.33065404809376064,1.0
5370000,0.78824586,7.0,0.39412573,0.44903797,155.57603686635946,0.002428307,0.50423604,0.00013933102,0.14644365,0.004649722,0.016213903,0.032909296,0.8919234407005128,0.8919234407005128,0.5781821681979741,1.0
5400000,0.84789205,7.0,0.36647418,0.42893428,154.03488372093022,0.002591708,0.5035887,0.0001384345,0.14614479,0.0046198666,0.019900218,0.04592665,0.8905146053751533,0.8905146053751533,0.5412088785048449,1.0
5430000,0.8207615,7.0,0.33380732,0.46862578,170.66298342541435,0.002504958,0.46751848,0.0001375573,0.1458524,0.0045906557,0.016398676,0.03288413,0.8909679750880498,0.8909679750880498,0.6397748467083393,1.0
5460000,0.906796,7.0,0.30310115,0.44926444,178.69736842105263,0.0025528478,0.5066987,0.00013663806,0.14554599,0.0045600454,0.019661674,0.038582496,0.8515499976774057,0.8515499976774057,0.6743547146519026,1.0
5490000,0.81487375,7.0,0.33033508,0.52371335,208.45505617977528,0.0025215559,0.4987975,0.00013574028,0.14524673,0.0045301495,0.017479613,0.058773547,0.8500437453304502,0.8500437453304502,0.8946673827330497,1.0
5520000,0.7855259,7.0,0.39743102,0.49895543,126.19815668202764,0.002464735,0.5032036,0.00013483177,0.1449439,0.0044998964,0.015978433,0.026464382,0.9176417444277247,0.9176417444277247,0.448846200895453,1.0
5550000,0.83073825,7.0,0.37030965,0.68897086,162.26875,0.04046858,0.4681139,0.00013393813,0.14464602,0.004470137,0.0407418,0.052969154,0.9028778454831129,0.9028778454831129,0.6565486106408548,1.0
5580000,0.76177776,7.0,0.45796412,0.8035776,164.57788944723617,0.09623216,0.50676554,0.00013307574,0.14435855,0.0044414196,0.059825413,0.06771898,0.8797080534294036,0.8797080534294036,1.6756882811333738,1.0
5610000,0.70607615,7.0,0.4361055,0.577547,127.96887159533074,0.0033316275,0.49439985,0.00013215299,0.14405097,0.0044106925,0.015062013,0.033427663,0.91766803204769,0.91766803204769,0.3969516859878404,1.0
5640000,0.78963274,7.0,0.42325157,0.5341257,119.585,0.0026146402,0.47405377,0.00013125151,0.1437505,0.004380673,0.016967341,0.03304346,0.9367574156043632,0.9367574156043632,0.34970860226908657,1.0
5670000,0.78554523,7.0,0.3852615,0.4649878,154.38427947598254,0.0030424858,0.4911308,0.00013034571,0.14344856,0.004350509,0.014572195,0.038093127,0.8829416250852169,0.8829416250852169,0.5314706019905493,1.0
5700000,0.6594531,7.0,0.5045841,0.42874768,118.69372693726937,0.0024532254,0.48622474,0.00012943991,0.14314662,0.004320347,0.012446853,0.022523848,0.9260589708420601,0.9260589708420601,0.3282583515166609,1.0
5730000,0.74336207,7.0,0.47594178,0.44279897,133.40639269406392,0.0028456368,0.49568987,0.00012857128,0.14285707,0.004291422,0.016661996,0.03307508,0.9185986505161486,0.9185986505161486,0.4641830597340125,1.0
5760000,0.65796703,7.0,0.5309338,0.50022554,105.24820143884892,0.0026282417,0.5032958,0.00012766178,0.14255393,0.004261135,0.013211109,0.017615315,0.946630593528276,0.946630593528276,0.2884321742371392,1.0
5790000,0.73295707,7.0,0.51321787,0.5673233,108.8051948051948,0.002445633,0.5066702,0.00012674318,0.14224769,0.0042305454,0.016684765,0.03881186,0.9374870271051778,0.9374870271051778,0.3331120179490689,1.0
5820000,0.78715056,7.0,0.4674184,0.5671591,137.5185185185185,0.0026862791,0.5015521,0.00012585659,0.14195217,0.0042010224,0.01605721,0.023988277,0.9094886856313744,0.9094886856313744,0.45884013414484076,1.0
5850000,0.7545532,7.0,0.4577966,0.5458357,141.71052631578948,0.0031865186,0.46489757,0.00012497083,0.14165692,0.0041715265,0.016033016,0.026573023,0.9081281355191103,0.9081281355191103,0.4773461796742465,1.0
5880000,0.7323725,7.0,0.50573206,0.5039496,110.15686274509804,0.002339019,0.5159133,0.00012407247,0.14135747,0.0041416115,0.014169105,0.022045672,0.9324366504927556,0.9324366504927556,0.32379067345592843,1.0
5910000,0.7361273,7.0,0.45370722,0.43525758,123.7704280155642,0.0022680068,0.48784927,0.00012314305,0.14104766,0.004110662,0.015983155,0.03184499,0.9291287451258555,0.9291287451258555,0.39769228461466216,1.0
5940000,0.74382454,7.0,0.44619915,0.45235062,109.62053571428571,0.0021999464,0.48513454,0.00012223913,0.14074634,0.004080561,0.016518157,0.022890082,0.9330303003906688,0.9330303003906688,0.3527496418314966,1.0
5970000,0.8349979,7.0,0.40502477,0.43499774,160.4830917874396,0.0023800314,0.4732685,0.000121329685,0.14044319,0.0040502762,0.016935784,0.034806095,0.8888393173229348,0.8888393173229348,0.5583593662719704,1.0
6000000,0.7107369,7.0,0.48784533,0.45929512,130.64102564102564,0.0022498926,0.48488945,0.000120449484,0.14014982,0.0040209657,0.018775303,0.034186568,0.9116271948091156,0.9116271948091156,0.4944640231010929,1.0
6030000,0.69071734,7.0,0.5105098,0.48455244,114.25,0.0024203719,0.48756492,0.00011955155,0.1398505,0.0039910646,0.01751852,0.033931013,0.9373531219607685,0.9373531219607685,0.38010274909538566,1.0
6060000,0.8136724,7.0,0.42392862,0.5696915,158.15897435897435,0.0053003184,0.4733991,0.00011862131,0.1395404,0.0039600874,0.01895565,0.05189064,0.9052119951695203,0.9052119951695203,0.705886942546349,1.0
6090000,0.66004705,7.0,0.48258212,0.5563348,112.24163568773234,0.0031153292,0.52021974,0.00011772354,0.13924114,0.0039301915,0.017344689,0.017876577,0.9318788872410854,0.9318788872410854,0.46763222879833644,1.0
6120000,0.6116048,7.0,0.51749355,0.48051572,105.33904109589041,0.0024862073,0.49516362,0.00011682722,0.13894239,0.0039003443,0.012369005,0.018983502,0.9387898614460771,0.9387898614460771,0.3015043959273937,1.0
6150000,0.7758305,7.0,0.3813574,0.49350968,132.15254237288136,0.0027236396,0.46645674,0.00011591998,0.13863997,0.003870133,0.017036654,0.046714757,0.9186033290293482,0.9186033290293482,0.44656259420638283,1.0
6180000,0.6609198,7.0,0.477361,0.56238717,138.31048387096774,0.0024490985,0.44903234,0.0001150328,0.13834424,0.0038405897,0.016044315,0.037258502,0.9115788202513667,0.9115788202513667,0.4581514007320591,1.0
6210000,0.61107445,7.0,0.5244085,0.5027258,102.6554054054054,0.0019412034,0.4762146,0.00011414768,0.13804922,0.0038111156,0.0140643325,0.03481866,0.9377167251363449,0.9377167251363449,0.2964404445394666,1.0
6240000,0.72994226,7.0,0.45182025,0.47276393,131.62272727272727,0.0018860232,0.4720602,0.000113235525,0.13774516,0.0037807412,0.01605059,0.043160293,0.929510358955946,0.929510358955946,0.4066816707485699,1.0
6270000,0.6400866,7.0,0.498372,0.49370778,107.48797250859107,0.0022489277,0.50131583,0.0001123418,0.13744725,0.0037509792,0.0137339085,0.030978369,0.9260493089669737,0.9260493089669737,0.3721599111718864,1.0
6300000,0.5346878,7.0,0.55336523,0.49821857,89.62857142857143,0.0040488904,0.5638204,0.000111430825,0.13714358,0.0037206442,0.015830792,0.027741931,0.9516479364463262,0.9516479364463262,0.3203586385127098,1.0
6330000,0.7517086,8.0,0.48156497,0.5030345,89.62962962962963,0.0022627926,0.53034276,0.00011055556,0.13685182,0.0036914977,0.018489717,0.037565194,0.9532524432407485,0.9532524432407485,0.3140614147981008,1.0
6360000,1.0334878,8.0,0.14018942,0.4959099,489.01612903225805,0.0018588669,0.4083705,0.00010962518,0.13654171,0.0036605163,0.020802565,0.04561207,0.5764549893016616,0.5764549893016616,2.302240114659071,1.0
6390000,1.0243143,8.0,0.2064754,0.7385199,324.3258426966292,0.016174378,0.4363143,0.00010873818,0.13624604,0.003630979,0.038079232,0.07259256,0.7571118221247709,0.7571118221247709,1.5322130676559222,1.0
6420000,1.0581508,8.0,0.14688462,0.6283057,421.2121212121212,0.0050364416,0.40246427,0.000107839136,0.13594636,0.0036010407,0.020361809,0.045073092,0.6432477497676415,0.6432477497676415,2.785849974893812,1.0
6450000,0.9954488,8.0,0.184049,0.48027667,431.0,0.002376457,0.4079068,0.000106929816,0.13564326,0.0035707601,0.017441474,0.04694822,0.640712489001453,0.640712489001453,1.531458095018752,1.0
6480000,1.0101026,8.0,0.2253089,0.45523927,316.8144329896907,0.0025257333,0.43210754,0.00010603191,0.13534394,0.00354086,0.016329173,0.039594334,0.7665580541536372,0.7665580541536372,1.1095493439564943,1.0
6510000,0.90669817,8.0,0.31061867,0.4352217,207.62589928057554,0.0025715625,0.44814602,0.00010514058,0.13504682,0.0035111792,0.015112465,0.03508709,0.8445537896762634,0.8445537896762634,0.7330566369832076,1.0
6540000,0.9285569,8.0,0.3516587,0.41220564,234.05263157894737,0.0068640905,0.4439258,0.000104231505,0.13474382,0.003480907,0.015353376,0.035393097,0.8550620090591815,0.8550620090591815,0.916766203109666,1.0
6570000,1.0067663,8.0,0.24358262,0.386488,318.46938775510205,0.0021107679,0.41262278,0.00010331423,0.13443807,0.0034503615,0.015163371,0.028557986,0.7583239511586726,0.7583239511586726,0.9854683062294498,1.0
6600000,1.0089245,8.0,0.2476781,0.41421717,268.5652173913044,0.0024551558,0.42440033,0.000102439306,0.1341464,0.003421226,0.018352106,0.055083066,0.7975020785039911,0.7975020785039911,1.0313725209465094,1.0
6630000,0.90585244,8.0,0.32544243,0.41777942,211.4189189189189,0.0030944198,0.43601045,0.000101530175,0.13384338,0.0033909525,0.014634422,0.028581671,0.8600824287010206,0.8600824287010206,0.6588140805440678,1.0
6660000,1.0035336,8.0,0.2445609,0.42351425,278.00961538461536,0.0026735072,0.43973306,0.00010063737,0.13354577,0.003361222,0.018662319,0.042420886,0.7786822384832618,0.7786822384832618,1.1318471839077004,1.0
6690000,1.0167408,8.0,0.15307395,0.4237042,412.2077922077922,0.0019728057,0.3823343,9.972868e-05,0.13324286,0.0033309625,0.019457446,0.034531087,0.63983918061933,0.63983918061933,1.5755635870973002,1.0
6720000,0.98712647,8.0,0.20812938,0.47026318,352.5308641975309,0.0021119593,0.42264864,9.885388e-05,0.13295127,0.0033018317,0.018182354,0.040458396,0.7515764656312326,0.7515764656312326,1.2801004649961696,1.0
6750000,1.0035398,8.0,0.2174096,0.41963184,273.2291666666667,0.0021227319,0.4187808,9.797194e-05,0.13265729,0.003272463,0.016365962,0.043242406,0.8102040750791832,0.8102040750791832,0.9391813979351095,1.0
6780000,0.9886363,8.0,0.22269233,0.6179227,270.98130841121497,0.14452274,0.407069,9.7052965e-05,0.13235097,0.0032418605,0.03469409,0.038758323,0.7878029930591584,0.7878029930591584,2.418851038813591,1.0
6810000,0.9737183,8.0,0.24516931,0.46314955,335.6216216216216,0.002610791,0.43748435,9.614509e-05,0.13204834,0.003211629,0.017194325,0.045762267,0.781428564838799,0.781428564838799,1.025793039738866,1.0
6840000,0.95870477,8.0,0.30945885,0.47175807,228.11206896551724,0.0027308506,0.44800812,9.526576e-05,0.13175523,0.0031823472,0.018590331,0.041605446,0.8019041965613846,0.8019041965613846,1.0153908160115992,1.0
6870000,0.97587776,8.0,0.31688973,0.40994173,288.8285714285714,0.0023645975,0.46413898,9.4361974e-05,0.13145398,0.0031522517,0.017174963,0.032062568,0.7831565952807102,0.7831565952807102,1.0286862940070622,1.0
6900000,1.0085068,8.0,0.20510028,0.3850617,337.1,0.0022127433,0.4091771,9.345254e-05,0.13115083,0.003121967,0.015988825,0.039776,0.7329287295197618,0.7329287295197618,1.1588274457374181,1.0
6930000,1.0143162,8.0,0.22025812,0.35472804,292.38461538461536,0.0018806773,0.39070407,9.256692e-05,0.1308556,0.0030924764,0.017111508,0.04140381,0.7765274654541697,0.7765274654541697,0.964033230095283,1.0
6960000,0.96537465,8.0,0.22085603,0.36380467,345.1621621621622,0.0022092266,0.38202882,9.164491e-05,0.13054828,0.003061773,0.017341057,0.037143234,0.718163201023104,0.718163201023104,1.2344029176286158,1.0
6990000,0.95276606,8.0,0.28162318,0.3784325,214.69306930693068,0.002469986,0.41773242,9.0774185e-05,0.13025802,0.0030327775,0.01890469,0.038219873,0.8604707492269436,0.8604707492269436,0.7531802020264122,1.0
7020000,0.9070022,8.0,0.30636168,0.36413443,203.36170212765958,0.0022964075,0.42629734,8.986177e-05,0.1299539,0.0030023947,0.018672783,0.03949443,0.827416777298167,0.827416777298167,0.7683686726316289,1.0
7050000,0.91343915,8.0,0.30690378,0.48834488,275.297520661157,0.005530269,0.43832955,8.8942594e-05,0.12964751,0.0029717858,0.021392941,0.030596541,0.7760260422565356,0.7760260422565356,1.3683030279431523,1.0
7080000,1.0168756,8.0,0.20513812,0.45616984,331.7386363636364,0.0082729915,0.41842484,8.805736e-05,0.12935244,0.0029423074,0.01902392,0.03895405,0.7441226123344331,0.7441226123344331,1.2851173099063868,1.0
7110000,0.8777214,8.0,0.32666138,0.4170207,208.58940397350995,0.0025509046,0.4471904,8.714377e-05,0.12904792,0.0029118848,0.020849299,0.03925476,0.8510499974446637,0.8510499974446637,0.6663102943929481,1.0
7140000,1.0192537,8.0,0.24927744,0.47277865,292.27659574468083,0.002301681,0.43069497,8.6235916e-05,0.12874527,0.0028816538,0.017293932,0.036307734,0.7402130353224018,0.7402130353224018,1.4711427763711824,1.0
7170000,0.9794763,8.0,0.2649899,0.4209932,288.1775700934579,0.0022385272,0.425478,8.534776e-05,0.12844923,0.002852078,0.015084432,0.031690557,0.7732229302509115,0.7732229302509115,0.9326939487086455,1.0
7200000,0.924413,8.0,0.29752874,0.4326879,277.85593220338984,0.0025230616,0.44347683,8.4447354e-05,0.12814909,0.0028220944,0.017093213,0.03741988,0.8062698217429991,0.8062698217429991,0.9622109926402055,1.0
7230000,0.9151113,8.0,0.27766314,0.43064323,245.35,0.002430567,0.43426973,8.3535466e-05,0.12784512,0.0027917286,0.018152094,0.037539642,0.8509916643922527,0.8509916643922527,0.7900464006622011,1.0
7260000,1.0010668,8.0,0.26515183,0.88458186,304.86206896551727,0.79554075,0.39909205,8.2625345e-05,0.12754177,0.0027614215,0.07651619,0.06213888,0.7276499901380804,0.7276499901380804,6.285364213999775,1.0
7290000,0.9289258,8.0,0.22729947,0.531561,286.32456140350877,0.0030486132,0.44983897,8.173083e-05,0.12724358,0.002731634,0.015669478,0.03550877,0.7853678210921909,0.7853678210921909,1.1842327894885902,1.0
7320000,0.91221064,8.0,0.24598612,0.43285933,245.38582677165354,0.002859917,0.44406363,8.083632e-05,0.12694544,0.0027018462,0.015051824,0.03466079,0.8165999940037727,0.8165999940037727,0.7955264860242606,1.0
7350000,0.84987336,8.0,0.32350844,0.65258944,207.10236220472441,0.032516874,0.4207588,7.9957106e-05,0.12665235,0.0026725691,0.039270576,0.061134953,0.8618823064061312,0.8618823064061312,1.322004909097002,1.0
7380000,0.88994396,8.0,0.26649618,0.5691575,256.26153846153846,0.0043343343,0.44811824,7.906684e-05,0.12635559,0.0026429233,0.018092005,0.035008274,0.8069694593321276,0.8069694593321276,1.1853310686770742,1.0
7410000,0.8750457,8.0,0.29298836,0.42517883,178.796992481203,0.0025366968,0.459041,7.816545e-05,0.12605514,0.0026129067,0.015455008,0.04849639,0.8560369229660585,0.8560369229660585,0.6210165251046419,1.0
7440000,0.9632384,8.0,0.26314348,0.43106794,263.27027027027026,0.0020826648,0.44361836,7.7251854e-05,0.12575059,0.0025824842,0.015843963,0.043539084,0.8077415875035577,0.8077415875035577,0.8695820742080697,1.0
7470000,0.9512638,8.0,0.23992822,0.40555343,270.63709677419354,0.0022602314,0.4574579,7.634112e-05,0.12544702,0.0025521568,0.015735518,0.026605375,0.7997868806123734,0.7997868806123734,0.7984215184801915,1.0
7500000,0.9046136,8.0,0.2762618,0.41243842,231.58156028368793,0.003054452,0.4474829,7.5423675e-05,0.12514119,0.002521606,0.017270215,0.034690257,0.8084707968208912,0.8084707968208912,0.8932392575173047,1.0
7530000,0.92922693,8.0,0.25007713,0.40244448,282.66346153846155,0.002580713,0.42892462,7.453829e-05,0.12484606,0.0024921224,0.016685877,0.025745308,0.8256418137387795,0.8256418137387795,0.9025487909940156,1.0
7560000,0.93878335,8.0,0.18908426,0.38154855,256.33663366336634,0.0023659172,0.43125433,7.3649906e-05,0.12454994,0.0024625394,0.017437628,0.029952312,0.7803201952365914,0.7803201952365914,0.9131093092563779,1.0
7590000,1.0127318,8.0,0.1692287,0.4230389,360.2,0.001886623,0.41839412,7.274995e-05,0.12424995,0.0024325706,0.017488612,0.04342533,0.7121794796906985,0.7121794796906985,1.284341759358843,1.0
7620000,0.84090513,8.0,0.27808338,0.42631078,227.09395973154363,0.0033607935,0.43660334,7.185727e-05,0.123952396,0.0024028444,0.016670154,0.025069315,0.8260653774994307,0.8260653774994307,0.8535315213868251,1.0
7650000,0.86227435,8.0,0.28197876,0.3986731,230.58992805755395,0.0027797255,0.44559026,7.096502e-05,0.123654984,0.0023731326,0.017326023,0.03658054,0.8258674030502637,0.8258674030502637,0.7936033916487186,1.0
7680000,0.9334328,8.0,0.2049132,0.42660126,282.46534653465346,0.0027675394,0.424501,7.005191e-05,0.123350605,0.0023427256,0.01842261,0.034528367,0.7622020127947884,0.7622020127947884,1.1401762516059057,1.0
7710000,0.86937565,8.0,0.3285301,0.4560308,177.49006622516555,0.003208386,0.45048898,6.9151094e-05,0.12305034,0.0023127287,0.016844992,0.031485263,0.8790764674252155,0.8790764674252155,0.6117575579365484,1.0
7740000,0.9254585,8.0,0.29281363,0.44833544,252.11904761904762,0.0025864958,0.44767997,6.822805e-05,0.12274265,0.0022819913,0.014992391,0.04138061,0.8212023562803044,0.8212023562803044,0.8517230260442561,1.0
7770000,0.9489153,8.0,0.27200285,0.41707197,290.0701754385965,0.0024373678,0.44307572,6.732875e-05,0.12244288,0.0022520446,0.01681014,0.04079774,0.7969425862862004,0.7969425862862004,0.9152978085179778,1.0
7800000,0.8493097,8.0,0.30421853,0.44800413,186.62962962962962,0.0036520495,0.44220948,6.645128e-05,0.122150406,0.0022228248,0.016290313,0.024704618,0.8892381281839857,0.8892381281839857,0.5982481628093573,1.0
7830000,0.86305916,8.0,0.24404265,0.4285667,236.8211382113821,0.0030479492,0.43306828,6.5539985e-05,0.12184662,0.0021924784,0.016148884,0.0340862,0.7921788567086545,0.7921788567086545,0.9443097637466541,1.0
7860000,0.96349126,8.0,0.17611827,0.63213116,354.5977011494253,0.09878469,0.38905188,6.46464e-05,0.12154878,0.0021627224,0.0421969,0.05582621,0.740647053630913,0.740647053630913,2.6320074822534534,1.0
7890000,0.9451065,8.0,0.20529667,0.5119278,260.9826086956522,0.0033175233,0.430149,6.37489e-05,0.12124961,0.0021328356,0.017010406,0.041350596,0.7761245682456736,0.7761245682456736,1.3160706898671086,1.0
7920000,0.86779827,8.0,0.25506127,0.4712985,226.5076923076923,0.003392296,0.4218332,6.2874686e-05,0.12095821,0.002103724,0.01622604,0.01739679,0.8349727229074095,0.8349727229074095,0.7855937333608215,1.0
7950000,0.91329557,8.0,0.27346942,0.4440732,267.6752136752137,0.002661157,0.45374286,6.1960985e-05,0.12065362,0.0020732982,0.016449736,0.031202445,0.7875905118818427,0.7875905118818427,0.8844789403073233,1.0
7980000,0.89269835,8.0,0.27875555,0.4344699,186.73717948717947,0.0027805038,0.45846006,6.103773e-05,0.1203459,0.0020425536,0.015036121,0.01575592,0.863661436717105,0.863661436717105,0.6049265648067923,1.0
8010000,0.8925983,8.0,0.28864703,0.41840455,217.0808823529412,0.0027655198,0.45349482,6.0127204e-05,0.120042376,0.0020122335,0.017289916,0.028467402,0.8438620400363511,0.8438620400363511,0.7378867350307966,1.0
8040000,0.9210987,8.0,0.23633274,0.4244377,243.7829457364341,0.0025905278,0.47429588,5.9242873e-05,0.1197476,0.0019827853,0.015050135,0.029186562,0.8154730745233022,0.8154730745233022,0.7897588088248785,1.0
8070000,0.93242884,8.0,0.26609322,0.41180766,233.38970588235293,0.0028486154,0.43646196,5.837304e-05,0.119457655,0.0019538195,0.0148692895,0.036204606,0.8192051809695032,0.8192051809695032,0.7434630463796633,1.0
8100000,0.88741606,8.0,0.25454193,0.9085549,227.0144927536232,0.05513743,0.41939175,5.7432804e-05,0.11914423,0.0019225097,0.048137,0.04446733,0.827554956306028,0.827554956306028,1.2060597379130262,1.0
8130000,0.93263024,8.0,0.24654566,0.4996311,228.36363636363637,0.004482531,0.4251861,5.6556237e-05,0.118852064,0.0018933199,0.015615614,0.030046722,0.8359743745243253,0.8359743745243253,1.967824040889001,1.0
8160000,0.82745886,8.0,0.27744284,0.41252506,202.9559748427673,0.003224671,0.47530112,5.5661923e-05,0.11855395,0.0018635393,0.013470989,0.020790804,0.8712403845424072,0.8712403845424072,0.5890492419473444,1.0
8190000,0.926647,8.0,0.2324123,0.3765031,289.1782178217822,0.002744713,0.42960927,5.4739106e-05,0.11824633,0.0018328094,0.012993671,0.016933154,0.7509212069062874,0.7509212069062874,0.8189186255137125,1.0
8220000,0.9125635,8.0,0.25977352,0.40760228,243.54464285714286,0.0025285135,0.42765233,5.3867905e-05,0.11795594,0.0018037985,0.015541897,0.022855643,0.8390357095216002,0.8390357095216002,0.7064227629120329,1.0
8250000,0.8593846,8.0,0.23389153,0.4130536,263.56637168141594,0.0031036716,0.4689684,5.2965584e-05,0.117655165,0.0017737511,0.019868394,0.036745,0.812669561608978,0.812669561608978,0.9411435300221099,1.0
8280000,0.87895113,8.0,0.22573467,0.4343713,240.9064748201439,0.0023211096,0.44704595,5.2054063e-05,0.11735133,0.0017433974,0.017018367,0.045019522,0.8086887196938795,0.8086887196938795,0.9721757716926417,1.0
8310000,0.79614204,8.0,0.3157369,0.38255826,175.95652173913044,0.0032668947,0.4557616,5.1162737e-05,0.11705424,0.0017137163,0.012939193,0.022606414,0.8900580805932691,0.8900580805932691,0.4888885965693497,1.0
8340000,0.9510885,8.0,0.25878453,0.3776168,301.86315789473684,0.0023056394,0.41654608,5.0258946e-05,0.11675296,0.00168362,0.014320495,0.025630323,0.7886381355143085,0.7886381355143085,0.9330918318832043,1.0
8370000,0.8269363,8.0,0.31472898,0.40059176,219.7941176470588,0.0033133999,0.44027454,4.9366347e-05,0.11645542,0.0016538966,0.0142444745,0.016495412,0.8478340540027273,0.8478340540027273,0.6230707456749203,1.0
8400000,0.7768191,8.0,0.33228728,0.45884797,208.06024096385542,0.0034841767,0.4462073,4.844304e-05,0.116147645,0.0016231502,0.017462349,0.032920294,0.8486289254524423,0.8486289254524423,0.7797716092669739,1.0
8430000,0.95255363,8.0,0.18212162,0.39753807,313.4864864864865,0.0029497123,0.38192484,4.7557656e-05,0.11585253,0.001593667,0.017718585,0.03709232,0.7724102514867599,0.7724102514867599,0.8480108757622731,1.0
8460000,0.9386895,8.0,0.2535317,0.4686782,268.40983606557376,0.0030191955,0.4451531,4.6653913e-05,0.11555128,0.0015635726,0.015915947,0.027825234,0.7938572589276184,0.7938572589276184,1.1326720302558353,1.0
8490000,0.8755255,8.0,0.22738533,0.39996573,250.95689655172413,0.0029186197,0.45244732,4.5768433e-05,0.11525612,0.0015340858,0.015482767,0.031012075,0.8422235254229617,0.8422235254229617,0.6870437979995578,1.0
8520000,0.8124455,8.0,0.28154448,0.45508805,186.75776397515529,0.0031424991,0.44967145,4.4875254e-05,0.1149584,0.001504343,0.018179698,0.03937136,0.8504395026851583,0.8504395026851583,0.728094183874351,1.0
8550000,0.84983045,8.0,0.34866565,0.4177019,214.9620253164557,0.00302304,0.44864336,4.3962456e-05,0.11465413,0.0014739468,0.014583551,0.02408899,0.866943504709702,0.866943504709702,0.607678487134928,1.0
8580000,0.7960201,8.0,0.34839803,0.4160098,187.1741935483871,0.0032000782,0.47429854,4.30669e-05,0.1143556,0.0014441251,0.013910484,0.018398678,0.856777062651458,0.856777062651458,0.6508702273083151,1.0
8610000,0.8247957,8.0,0.3132106,0.45478144,194.6,0.0059132962,0.4702188,4.2142277e-05,0.1140474,0.0014133349,0.019056123,0.044258278,0.8701773009507369,0.8701773009507369,0.685447554097425,1.0
8640000,0.7810948,8.0,0.3158138,0.45187074,191.5939393939394,0.003284218,0.45548332,4.1237254e-05,0.11374572,0.0013831976,0.013588478,0.020423038,0.8617958784541663,0.8617958784541663,0.7105653182712987,1.0
8670000,0.9276206,8.0,0.23135649,0.38837242,239.44117647058823,0.0028790466,0.43756586,4.0369e-05,0.1134563,0.0013542848,0.019495908,0.040244024,0.857940773072752,0.857940773072752,0.7407993823063822,1.0
8700000,0.85937417,8.0,0.25276035,0.42429826,227.5625,0.0030396767,0.45772088,3.94568e-05,0.113152236,0.0013239085,0.014366523,0.03268937,0.8184834430957663,0.8184834430957663,0.7932254399205076,1.0
8730000,0.86303765,8.0,0.28533992,0.40589565,204.3815789473684,0.0031612243,0.46360385,3.8543763e-05,0.11284789,0.0012935043,0.015768243,0.033733953,0.8625324112074129,0.8625324112074129,0.5692064801809089,1.0
8760000,0.901745,8.0,0.2127265,0.41566637,223.9090909090909,0.0027857863,0.43013832,3.7641374e-05,0.11254709,0.0012634546,0.01682956,0.044077374,0.8368327539928001,0.8368327539928001,0.8723304466151729,1.0
8790000,0.8837876,8.0,0.1964573,0.42460632,309.3965517241379,0.0028723676,0.43975994,3.6750163e-05,0.11225003,0.0012337774,0.015415207,0.035066012,0.7460552602679583,0.7460552602679583,1.058138969525891,1.0
8820000,0.85367507,8.0,0.3232532,0.39766043,167.82165605095543,0.003246054,0.47498724,3.585452e-05,0.11195148,0.0012039524,0.013768532,0.020478547,0.8909518998823588,0.8909518998823588,0.42766637575541494,1.0
8850000,0.9541633,8.0,0.19297451,0.39734712,276.82105263157894,0.0027579516,0.41671515,3.494282e-05,0.11164758,0.0011735929,0.017612737,0.032613922,0.7673589954525233,0.7673589954525233,0.9315120436996221,1.0
8880000,0.9042855,8.0,0.1873013,0.4547278,317.23809523809524,0.003248639,0.47340626,3.4050572e-05,0.111350164,0.001143881,0.01649606,0.034503084,0.7890247489777532,0.7890247489777532,1.2126093815993702,1.0
8910000,0.85731494,8.0,0.22036576,0.39769462,194.09923664122138,0.0031812054,0.4444308,3.3170178e-05,0.1110567,0.001114564,0.014233201,0.028831962,0.8419781935338239,0.8419781935338239,0.6249651637530529,1.0
8940000,0.65816045,8.0,0.3347466,0.39272693,174.88516746411483,0.0045092083,0.4519119,3.2261396e-05,0.11075377,0.0010843013,0.014313758,0.023843674,0.8795552359095642,0.8795552359095642,0.5399483189385916,1.0
8970000,0.7146347,8.0,0.3236514,0.7920459,166.64736842105262,0.10760463,0.4091321,3.1368676e-05,0.11045621,0.0010545737,0.043393284,0.044032924,0.8832650511495529,0.8832650511495529,1.480984065681696,1.0
9000000,0.8447593,8.0,0.26709983,0.42435268,196.86764705882354,0.0033466388,0.45183405,3.0468802e-05,0.110156246,0.0010246082,0.013867521,0.034180414,0.8594144839199557,0.8594144839199557,0.5915608404042281,1.0
9030000,0.7500692,8.0,0.2843639,0.3768666,189.1764705882353,0.0037231587,0.46582562,2.9538014e-05,0.109845966,0.0009936128,0.011693984,0.015448338,0.8679987530438056,0.8679987530438056,0.5159733014756825,1.0
9060000,0.80292076,8.0,0.23427764,0.35096955,214.64492753623188,0.0040033134,0.45150524,2.8636785e-05,0.10954557,0.00096360175,0.014273846,0.025677126,0.8538284683600068,0.8538284683600068,0.6051604837282665,1.0
9090000,0.7843804,8.0,0.26532546,0.36567205,198.24489795918367,0.0038258869,0.4484747,2.7763734e-05,0.10925455,0.0009345293,0.013204097,0.02447984,0.8659346919684183,0.8659346919684183,0.5456540262339269,1.0
9120000,0.8192761,8.0,0.20881602,0.33256686,225.23134328358208,0.0022809056,0.4239062,2.68479e-05,0.108949274,0.0009040319,0.012140957,0.0166897,0.8230873011643924,0.8230873011643924,0.6492529146905456,1.0
9150000,0.7417458,8.0,0.30665085,0.39190647,163.47486033519553,0.004051214,0.4538333,2.5926394e-05,0.10864211,0.000873346,0.017020606,0.030793514,0.8879255428505333,0.8879255428505333,0.5245668974644302,1.0
9180000,0.7239894,8.0,0.31931916,0.40488175,174.50802139037432,0.003473236,0.44505757,2.5036466e-05,0.10834545,0.0008437112,0.013218769,0.02279423,0.8769158713874363,0.8769158713874363,0.45602719033403055,1.0
9210000,0.83049,8.0,0.22626041,0.36258212,218.33913043478262,0.002646124,0.44664884,2.4156574e-05,0.10805215,0.0008144107,0.013794137,0.024985524,0.8427170894594274,0.8427170894594274,0.6298319123223679,1.0
9240000,0.73052436,8.0,0.30840835,0.38572323,193.4406779661017,0.004184766,0.43485236,2.324752e-05,0.10774915,0.0007841393,0.011744167,0.009785399,0.8566810275031917,0.8566810275031917,0.5320824288987908,1.0
9270000,0.79837805,8.0,0.26635262,0.36480868,192.92028985507247,0.0032882432,0.42898935,2.2353066e-05,0.107451,0.000754354,0.013687981,0.028873224,0.8599090843975961,0.8599090843975961,0.5288171481497429,1.0
9300000,0.8322338,8.0,0.23830608,0.41377473,190.93706293706293,0.0027047913,0.42758313,2.145052e-05,0.10715013,0.0007242992,0.016447745,0.02405217,0.8593043434447136,0.8593043434447136,0.6591726995842613,1.0
9330000,0.7049243,8.0,0.30557972,0.3965726,167.19689119170985,0.0047422373,0.4381477,2.055687e-05,0.106852256,0.0006945407,0.015108718,0.026165988,0.8764614193950813,0.8764614193950813,0.496955832627219,1.0
9360000,0.8817532,8.0,0.17452784,0.38411638,304.74,0.0022635702,0.40859267,1.9669056e-05,0.10655632,0.0006649764,0.014350788,0.029903023,0.7437731874818655,0.7437731874818655,1.0118547331532175,1.0
9390000,0.8334019,8.0,0.21303067,0.37502727,265.2991452991453,0.0027326539,0.42927966,1.8731842e-05,0.10624392,0.00063376717,0.013097993,0.016273778,0.782383775724484,0.782383775724484,0.7842503494608242,1.0
9420000,0.76036227,8.0,0.32552004,0.39339635,177.25,0.0038077538,0.41505957,1.7847406e-05,0.105949104,0.00060431537,0.013519996,0.018718425,0.8820849373398056,0.8820849373398056,0.4664305040826011,1.0
9450000,0.7889026,8.0,0.23214751,0.36220875,208.0,0.0037252118,0.45166722,1.6961661e-05,0.10565387,0.0005748201,0.013759677,0.021714546,0.8578467127615518,0.8578467127615518,0.5754709855524184,1.0
9480000,0.8582603,8.0,0.21071303,0.7809908,277.2564102564103,0.3052042,0.4018864,1.6061684e-05,0.10535387,0.00054485083,0.07125101,0.06767148,0.8048291626386345,0.8048291626386345,1.2157839380515119,1.0
9510000,0.78836155,8.0,0.26353937,0.5199794,173.71875,0.008257296,0.44162992,1.51546255e-05,0.10505151,0.0005146458,0.01381353,0.015109861,0.8616803805992196,0.8616803805992196,1.8217664812750454,1.0
9540000,0.75077534,8.0,0.3038109,0.39256614,197.7325581395349,0.0035200682,0.44047824,1.4237469e-05,0.1047458,0.00048410456,0.012382412,0.028742576,0.8556450842260626,0.8556450842260626,0.4805727154500998,1.0
9570000,0.8096437,8.0,0.24561228,0.3534906,206.4765625,0.002746618,0.451608,1.3333831e-05,0.10444458,0.00045401338,0.010738356,0.013744215,0.8366306385085467,0.8366306385085467,0.4998311539210619,1.0
9600000,0.68866163,8.0,0.3177975,0.6693835,156.5528846153846,0.048220318,0.42343152,1.2421438e-05,0.104140446,0.00042363073,0.029649792,0.034229264,0.8837879187458955,0.8837879187458955,0.5437233531555152,1.0
9630000,0.8053472,8.0,0.2875468,0.51462334,181.06666666666666,0.008906452,0.4388128,1.1548737e-05,0.10384955,0.0003945697,0.019168675,0.03555809,0.8774848253562533,0.8774848253562533,1.4449841057648882,1.0
9660000,0.7405216,8.0,0.26698336,0.43525222,216.90062111801242,0.004055224,0.42738214,1.0654815e-05,0.10355157,0.00036480208,0.014811294,0.024335897,0.8286543724592775,0.8286543724592775,0.7748328204033896,1.0
9690000,0.76862645,8.0,0.2611204,0.3801401,185.1,0.0033766073,0.45996672,9.738239e-06,0.10324605,0.0003342801,0.011696688,0.018752284,0.8644231747317788,0.8644231747317788,0.4733608570628312,1.0
9720000,0.7722311,8.0,0.26528212,0.3672779,185.92948717948718,0.0042691873,0.44154963,8.825692e-06,0.10294187,0.0003038923,0.013147492,0.023113925,0.8865949664756937,0.8865949664756937,0.41283638911239756,1.0
9750000,0.6851338,8.0,0.30086032,0.38721722,181.56666666666666,0.0043770517,0.44215867,7.927089e-06,0.10264235,0.00027396882,0.013120185,0.02237654,0.8581478220775075,0.8581478220775075,0.5455701947212219,1.0
9780000,0.7807745,8.0,0.24086177,0.3510646,196.24822695035462,0.004034234,0.44862548,7.0750525e-06,0.10235832,0.000245596,0.01230106,0.022914847,0.8669085064572646,0.8669085064572646,0.46756671090339513,1.0
9810000,0.78047884,8.0,0.25841832,0.35775787,183.53061224489795,0.0045311674,0.43749127,6.172959e-06,0.10205762,0.00021555624,0.013073935,0.0325985,0.8686382540020366,0.8686382540020366,0.477127269897985,1.0
9840000,0.75505906,8.0,0.23385933,0.3646861,204.47826086956522,0.0053270785,0.4386554,5.2676533e-06,0.10175586,0.00018540958,0.016213015,0.023656648,0.853789931432631,0.853789931432631,0.6069832054939145,1.0
9870000,0.8346471,8.0,0.23093101,0.39486018,187.45138888888889,0.0049299854,0.4620217,4.356892e-06,0.10145226,0.0001550812,0.015250336,0.023854403,0.8881415445619906,0.8881415445619906,0.504044324179298,1.0
9900000,0.7493536,8.0,0.28024814,0.41346133,173.77777777777777,0.0045122537,0.45061028,3.4472037e-06,0.101149045,0.0001247886,0.012548596,0.021345662,0.8585106123592601,0.8585106123592601,0.6074611869271241,1.0
9930000,0.635976,8.0,0.3361392,0.39405224,144.7608695652174,0.005247379,0.4524968,2.532471e-06,0.10084414,9.432796e-05,0.01125745,0.015236456,0.9022845818542173,0.9022845818542173,0.3301268305777191,1.0
9960000,0.79101574,8.0,0.26415315,0.39342263,190.17460317460316,0.004119503,0.4220447,1.6428634e-06,0.10054759,6.470403e-05,0.0150313545,0.037262652,0.8674390955190909,0.8674390955190909,0.5436895443056535,1.0
9990000,0.7301438,8.0,0.2979609,0.3917366,175.03977272727272,0.004739693,0.45721307,7.424531e-07,0.100247465,3.472036e-05,0.013758644,0.027311213,0.8833847872433607,0.8833847872433607,0.45927948345721575,1.0
