Steps,Policy/Entropy,Environment/Lesson/AdvancedPathFinding,Environment/Episode Length,Policy/Extrinsic Value Estimate,Policy/Curiosity Value Estimate,Environment/Cumulative Reward,Policy/Extrinsic Reward,Policy/Curiosity Reward,Losses/Value Loss,Losses/Policy Loss,Policy/Learning Rate,Policy/Epsilon,Policy/Beta,Losses/Curiosity Forward Loss,Losses/Curiosity Inverse Loss,Is Training
30000,0.89622813,0.0,133.32089552238807,0.21913542,0.37130517,0.9330872953056343,0.9330872953056343,0.3552667022431417,0.0068042064,0.42975694,0.00029952498,0.19984165,0.009984181,0.01642683,0.033126622,1.0
60000,0.8168697,0.0,187.34831460674158,0.47494268,0.51357967,0.867860549978084,0.867860549978084,0.6688114072299666,0.008117404,0.4470891,0.00029865114,0.19955036,0.009955083,0.025086263,0.021431712,1.0
90000,0.9203029,0.0,231.77941176470588,0.37549976,0.5901718,0.8304338288262374,0.8304338288262374,1.5575352358470733,0.01766118,0.45727003,0.0002977545,0.1992515,0.009925223,0.029512303,0.05545602,1.0
120000,0.8444184,0.0,176.90243902439025,0.41728187,0.3924286,0.8890069707968208,0.8890069707968208,0.5321392329019863,0.0032695697,0.45791858,0.00029685107,0.19895037,0.00989514,0.014032863,0.009423442,1.0
150000,0.7914972,0.0,151.85096153846155,0.46397585,0.4215767,0.9095751167070575,0.9095751167070575,0.41845307647954766,0.002767938,0.4489102,0.000295971,0.19865698,0.0098658325,0.014169393,0.013043335,1.0
180000,0.9714756,0.0,283.09574468085106,0.31756726,0.52293473,0.8073757828850495,0.8073757828850495,1.0412988167574728,0.0025882397,0.38009506,0.00029507888,0.19835962,0.009836127,0.01825348,0.023049096,1.0
210000,1.0399791,0.0,285.6,0.21950476,0.49941525,0.8058389925956726,0.8058389925956726,1.088370670808945,0.0032304756,0.42517516,0.0002941692,0.19805641,0.009805836,0.018082455,0.021376565,1.0
240000,1.0908252,0.0,371.84285714285716,0.13475364,0.67860013,0.7202833250371946,0.7202833250371946,4.914277988227291,0.47826722,0.4072544,0.0002932634,0.19775446,0.00977567,0.10647081,0.07071839,1.0
270000,0.95576,0.0,280.84375,0.2898335,0.5838506,0.8001322507137253,0.8001322507137253,1.2630636569548157,0.0038807967,0.4165393,0.00029236032,0.19745342,0.009745598,0.018421693,0.024871698,1.0
300000,0.91310275,0.0,204.85915492957747,0.3483567,0.596895,0.8823340379811347,0.8823340379811347,0.7472834948133281,0.0032161751,0.4257855,0.00029143592,0.19714531,0.009714815,0.018667696,0.036036167,1.0
330000,0.93819654,0.0,219.13235294117646,0.3745501,0.5378769,0.8294134690617838,0.8294134690617838,0.8525884356539604,0.0029192928,0.46052957,0.00029055137,0.19685045,0.009685358,0.016957631,0.023702571,1.0
360000,0.93292606,0.0,280.312,0.30877334,0.45257443,0.7937446355354041,0.7937446355354041,0.8218443616892078,0.003266955,0.45999062,0.00028963306,0.19654438,0.009654781,0.013180748,0.016729724,1.0
390000,0.87365955,0.0,204.62698412698413,0.35304168,0.44481674,0.8420656453960269,0.8420656453960269,0.6738882213475481,0.004288181,0.42023638,0.0002887149,0.19623828,0.009624205,0.018287672,0.023111999,1.0
420000,0.9708969,0.0,240.0327868852459,0.32770994,0.46622276,0.8258682907354541,0.8258682907354541,0.8138321165139295,0.0025855843,0.46837616,0.0002878288,0.19594295,0.009594698,0.016683886,0.022135958,1.0
450000,0.84836847,0.0,197.57558139534885,0.36341786,0.5120724,0.8585821798649328,0.8585821798649328,0.7378652740334128,0.0033247168,0.4293614,0.0002869354,0.19564514,0.009564949,0.017233571,0.019023234,1.0
480000,0.8234559,0.0,150.57865168539325,0.3914177,0.46669233,0.9071333308172764,0.9071333308172764,0.5320838274129029,0.0032157903,0.47324392,0.00028605998,0.1953533,0.009535796,0.01586056,0.031847477,1.0
510000,0.9331757,0.0,179.68148148148148,0.32875016,0.37777117,0.8756782578277416,0.8756782578277416,0.5037173842505106,0.0024317985,0.44350508,0.00028515648,0.19505215,0.009505711,0.013760987,0.019262811,1.0
540000,0.78350824,0.0,210.41752577319588,0.46950188,0.32487717,0.8538036819743483,0.8538036819743483,0.6544123175137333,0.0032325753,0.4451969,0.00028425537,0.19475178,0.009475704,0.0150137665,0.024141312,1.0
570000,0.81597656,0.0,145.31521739130434,0.47594965,0.27670324,0.9202684481991804,0.9202684481991804,0.43456652152157804,0.0032704682,0.44430885,0.0002833609,0.19445361,0.009445916,0.015129308,0.01920438,1.0
600000,0.7217259,1.0,124.1,0.533026,0.33968377,0.9223671377059959,0.9223671377059959,0.48007672711142474,0.0036235058,0.48371103,0.0002824385,0.19414617,0.009415199,0.021156603,0.03710983,1.0
630000,0.92717457,1.0,250.9294117647059,0.39861554,0.38588795,0.8533909053287723,0.8533909053287723,0.8509962061547082,0.0018885054,0.42811346,0.00028156946,0.19385648,0.009386262,0.014888429,0.03404653,1.0
660000,0.8131694,1.0,262.9179104477612,0.36404172,0.32511672,0.8030178180152132,0.8030178180152132,0.8606511725928605,0.002607178,0.45721287,0.0002806503,0.1935501,0.009355656,0.015898932,0.031779718,1.0
690000,0.84380376,1.0,255.3090909090909,0.2952602,0.38485307,0.822709992189299,0.822709992189299,0.894994214227931,0.006199494,0.43004504,0.00027973,0.1932433,0.009325007,0.017016707,0.0314007,1.0
720000,1.0039318,1.0,525.7833333333333,0.18065514,0.53390753,0.6018577981740236,0.6018577981740236,2.8407201501977397,0.010495032,0.39299816,0.00027881417,0.19293803,0.00929451,0.03378738,0.05240225,1.0
750000,0.83816826,1.0,288.99107142857144,0.26512593,0.41162777,0.7893660454711783,0.7893660454711783,0.9970479090505818,0.0020992826,0.42475525,0.00027791105,0.19263698,0.009264437,0.014541129,0.016957594,1.0
780000,0.79668736,1.0,242.53333333333333,0.33947322,0.3713283,0.8536961737252374,0.8536961737252374,0.7219167168532988,0.0028820578,0.41338348,0.00027702053,0.19234018,0.009234784,0.0133545315,0.014204709,1.0
810000,0.608015,1.0,165.51666666666668,0.36564523,0.29634312,0.9079190943431988,0.9079190943431988,0.3883374821959754,0.002801653,0.43907508,0.00027613947,0.19204648,0.009205444,0.011984715,0.01568752,1.0
840000,0.7358903,2.0,159.54330708661416,0.3060341,0.2979635,0.9024364889538201,0.9024364889538201,0.4670133506819728,0.002465455,0.46389848,0.0002752551,0.1917517,0.009175994,0.013812232,0.020722747,1.0
870000,1.0566615,2.0,776.6764705882352,0.15960239,0.33558223,0.4210885511977332,0.4210885511977332,2.4158211877569555,0.0019889716,0.35197458,0.00027436065,0.19145353,0.009146207,0.014701021,0.029625036,1.0
900000,1.0856028,2.0,615.7173913043479,0.12501937,0.34659475,0.4901906820230706,0.4901906820230706,2.286926384647052,0.0025302274,0.38866985,0.00027347484,0.1911583,0.009116711,0.018551612,0.043670304,1.0
930000,1.1604586,2.0,825.439024390244,0.09628639,0.34924638,0.3324714086595036,0.3324714086595036,2.908361175674058,0.0017943972,0.3538769,0.00027254314,0.19084772,0.009085686,0.016127465,0.028280962,1.0
960000,1.164535,2.0,665.1162790697674,0.06658472,0.5821986,0.45848137772707054,0.45848137772707054,4.60961177490305,0.03522821,0.38597474,0.00027164994,0.19054998,0.009055941,0.034783896,0.04358067,1.0
990000,1.1436329,2.0,521.9074074074074,0.110101454,0.3760352,0.5913192869670558,0.5913192869670558,1.890904474545989,0.002690479,0.38928363,0.00027078355,0.19026119,0.009027092,0.016412064,0.036873594,1.0
1020000,1.0511365,2.0,515.1428571428571,0.13748847,0.37248605,0.6276540807524665,0.6276540807524665,1.766940149306854,0.0016152096,0.4173953,0.000269886,0.189962,0.008997204,0.017074643,0.037586246,1.0
1050000,1.0229948,2.0,449.32307692307694,0.1913085,0.35025403,0.6409062370657921,0.6409062370657921,1.6563746992542292,0.0022323483,0.3913047,0.0002689589,0.18965295,0.008966331,0.018562594,0.047135226,1.0
1080000,1.1414514,2.0,938.7272727272727,0.12582183,0.39177325,0.26030553401344353,0.26030553401344353,3.786349827837613,0.0016503297,0.38494858,0.0002680404,0.1893468,0.008935745,0.017349577,0.040771842,1.0
1110000,1.1105479,2.0,715.8,0.08286253,0.3427563,0.417545922301911,0.417545922301911,2.7736947302882737,0.0015082298,0.36351112,0.00026714773,0.18904923,0.008906018,0.016997771,0.03802355,1.0
1140000,1.1550881,2.0,545.4166666666666,0.15549159,0.34622422,0.5563795790076256,0.5563795790076256,1.958910211255508,0.0022251247,0.3926769,0.00026622636,0.1887421,0.0088753365,0.01788511,0.040037554,1.0
1170000,1.0927219,2.0,571.6984126984127,0.15687491,0.38442063,0.5814186313142211,0.5814186313142211,2.39125086667837,0.0018973722,0.39258605,0.0002653247,0.18844157,0.0088453125,0.023353942,0.05239512,1.0
1200000,0.974264,2.0,391.47297297297297,0.2504973,0.36483118,0.7231708746167678,0.7231708746167678,1.5282020702651595,0.0027741776,0.40999934,0.0002644354,0.18814513,0.008815697,0.016095145,0.02533238,1.0
1230000,0.89736134,2.0,338.82954545454544,0.26426107,0.298626,0.7745916569339377,0.7745916569339377,0.985774765248477,0.0022451296,0.4309681,0.00026354459,0.1878482,0.008786035,0.014051371,0.016582219,1.0
1260000,0.96504384,2.0,394.47945205479454,0.2274846,0.31189576,0.706985514071819,0.706985514071819,1.3667355119985969,0.0020977093,0.42344922,0.0002626266,0.18754219,0.008755464,0.018802594,0.03436728,1.0
1290000,1.0677022,2.0,647.28,0.20479879,0.41478407,0.493857760892974,0.493857760892974,2.888764249574807,0.0018205964,0.4399395,0.00026173066,0.18724355,0.00872563,0.022085113,0.051464215,1.0
1320000,0.92662907,2.0,409.49295774647885,0.21567377,0.40501,0.7081451972257601,0.7081451972257601,1.6154400519771528,0.0026108706,0.4083614,0.00026082952,0.18694319,0.008695623,0.017656492,0.0400964,1.0
1350000,0.8931548,2.0,388.1463414634146,0.32412657,0.36714813,0.7331705791108748,0.7331705791108748,1.347782594929723,0.0024267451,0.42437676,0.00025995093,0.18665029,0.008666363,0.017967485,0.032408316,1.0
1380000,1.0740268,2.0,628.5675675675676,0.16142598,0.37607056,0.5213794679595873,0.5213794679595873,2.2962552222709816,0.0016320465,0.4021802,0.00025905157,0.18635051,0.008636416,0.017219294,0.024928393,1.0
1410000,1.0550363,2.0,689.3953488372093,0.12927997,0.4132052,0.44679022707590244,0.44679022707590244,2.642655860916598,0.0019872037,0.38539854,0.00025815258,0.18605083,0.0086064795,0.020162113,0.04227895,1.0
1440000,1.0930476,2.0,511.1311475409836,0.22074316,0.4024423,0.5414116503049929,0.5414116503049929,2.1113289752975106,0.0018059739,0.40673572,0.0002572842,0.18576142,0.008577562,0.017851643,0.024435338,1.0
1470000,1.0672561,2.0,583.6964285714286,0.19802615,0.39396608,0.5327864234982911,0.5327864234982911,2.1543529569723847,0.0020047484,0.39380696,0.00025637957,0.18545987,0.008547439,0.019520713,0.03236588,1.0
1500000,1.070793,2.0,472.04918032786884,0.16177,0.42393842,0.6892779538944617,0.6892779538944617,1.9362745593159885,0.0026378867,0.4412708,0.00025547887,0.1851596,0.008517445,0.021041546,0.03704444,1.0
1530000,1.0434513,2.0,443.0845070422535,0.18078591,0.42452118,0.6246896921930944,0.6246896921930944,2.011716771453126,0.0021697248,0.42191765,0.00025455534,0.18485177,0.008486691,0.020684173,0.039827324,1.0
1560000,1.0192598,2.0,473.87301587301585,0.14944741,0.34059355,0.6602046052423808,0.6602046052423808,1.7542584263647978,0.0016967033,0.41007632,0.00025362952,0.18454319,0.008455863,0.017435623,0.025979308,1.0
1590000,1.0846597,2.0,725.9230769230769,0.14179999,0.38917577,0.43225364205313893,0.43225364205313893,2.809250031211754,0.00186196,0.41103896,0.00025275306,0.18425103,0.008426675,0.02144961,0.043562982,1.0
1620000,1.1015215,2.0,556.2830188679245,0.14327101,0.39792928,0.5417925709927524,0.5417925709927524,2.4376525251815715,0.0021051979,0.38989514,0.00025188026,0.18396011,0.008397611,0.018429356,0.028751481,1.0
1650000,1.0729849,2.0,549.2741935483871,0.073289394,0.37405086,0.578688121826972,0.578688121826972,2.1141602767915546,0.0017858158,0.41763783,0.00025096312,0.18365437,0.008367071,0.016950672,0.02454627,1.0
1680000,1.006559,2.0,426.46268656716416,0.1796349,0.46780908,0.7291999889866394,0.7291999889866394,1.5702046876882805,0.0021330419,0.41336575,0.00025004885,0.18334962,0.008336626,0.021235604,0.046249382,1.0
1710000,1.0029153,2.0,429.4507042253521,0.23052813,0.4392767,0.6567971295544079,0.6567971295544079,1.8969470909796655,0.0020004665,0.44585353,0.00024913257,0.18304421,0.008306114,0.019689284,0.03849388,1.0
1740000,1.0651348,2.0,458.03125,0.18147986,0.44020957,0.7039825267025402,0.7039825267025402,1.6881059352308512,0.0016301421,0.40971282,0.00024823876,0.18274625,0.008276351,0.019137546,0.028660472,1.0
1770000,0.9753363,2.0,314.29487179487177,0.25506654,0.4148977,0.7907564022029058,0.7907564022029058,1.3338512918816354,0.0022783705,0.43859488,0.00024734752,0.18244916,0.008246671,0.018269412,0.030438164,1.0
1800000,0.8797545,2.0,407.990099009901,0.22531267,0.3888562,0.6995554325899275,0.6995554325899275,1.536380821848196,0.0023578044,0.43939075,0.00024644675,0.18214892,0.008216674,0.018181711,0.020764692,1.0
1830000,0.8257121,2.0,261.44761904761907,0.23881724,0.432753,0.8547188594656171,0.8547188594656171,1.03435305086786,0.0027698404,0.43503007,0.00024554037,0.18184678,0.008186493,0.019885432,0.026848799,1.0
1860000,0.9401447,2.0,377.05970149253733,0.1961968,0.39865032,0.7464102817808881,0.7464102817808881,1.393937106086763,0.0021767258,0.42060047,0.00024464543,0.18154846,0.008156691,0.016434547,0.02229752,1.0
1890000,0.95863885,2.0,437.59090909090907,0.1925938,0.4330161,0.7062348407326322,0.7062348407326322,1.6347004733415265,0.0028876404,0.39458844,0.0002437624,0.18125413,0.008127286,0.017767342,0.031287808,1.0
1920000,0.95035595,2.0,411.5211267605634,0.2152793,0.39810058,0.6595095766019331,0.6595095766019331,1.5761001319305536,0.0019038303,0.3755205,0.00024287721,0.18095906,0.008097811,0.017858718,0.02668217,1.0
1950000,0.9728864,2.0,455.82191780821915,0.1815075,0.49181905,0.6414369114316427,0.6414369114316427,1.993050189015384,0.0049617356,0.4217077,0.00024194884,0.1806496,0.008066895,0.024437862,0.047883306,1.0
1980000,0.9924893,2.0,382.81333333333333,0.12858225,0.5527211,0.6839370240951762,0.6839370240951762,3.8037392908942964,0.202331,0.42910877,0.00024102433,0.18034145,0.008036108,0.043951895,0.043294612,1.0
2010000,1.0728729,2.0,449.7230769230769,0.10276428,0.39228874,0.6953857030187335,0.6953857030187335,1.6223903251922733,0.0018702502,0.4129519,0.00024013367,0.18004455,0.00800645,0.017337147,0.021645395,1.0
2040000,1.0967404,2.0,527.25,0.09637603,0.38177064,0.5340919200811656,0.5340919200811656,2.0244372554814385,0.0016472725,0.40215382,0.0002392231,0.17974104,0.007976128,0.01978049,0.04323675,1.0
2070000,1.0437835,2.0,440.07142857142856,0.14209726,0.34298825,0.6086833210730994,0.6086833210730994,1.644904075604346,0.0014825271,0.42039868,0.00023832663,0.1794422,0.007946275,0.017203784,0.022803346,1.0
2100000,0.9584548,2.0,381.4878048780488,0.17870775,0.36840594,0.7265454415570606,0.7265454415570606,1.3422750875787726,0.001813573,0.4358134,0.00023744366,0.17914787,0.007916872,0.01938004,0.03519469,1.0
2130000,1.0224328,2.0,452.4507042253521,0.14915043,0.4159887,0.6641362174481585,0.6641362174481585,1.8185561458728667,0.0013913548,0.44290194,0.00023655358,0.17885119,0.007887233,0.019235762,0.029052453,1.0
2160000,1.0234725,2.0,501.9032258064516,0.15798019,0.391213,0.5996131010231425,0.5996131010231425,1.945039001888916,0.0016253552,0.39301634,0.00023565524,0.17855173,0.007857318,0.017482929,0.018082304,1.0
2190000,1.017277,2.0,383.1940298507463,0.1779158,0.3869975,0.699272849730083,0.699272849730083,1.3956656455794083,0.0017626756,0.4267606,0.00023476989,0.17825665,0.007827835,0.017249394,0.02111376,1.0
2220000,1.09225,2.0,589.843137254902,0.12519936,0.3796579,0.5762274351482298,0.5762274351482298,2.1468173846529397,0.0017596416,0.40490276,0.00023386156,0.17795385,0.0077975886,0.018298414,0.035562254,1.0
2250000,1.0696687,2.0,579.542372881356,0.12269314,0.33977252,0.548992964586145,0.548992964586145,1.9591076727302974,0.0015080111,0.39389852,0.00023293968,0.17764655,0.0077668903,0.016984178,0.025612276,1.0
2280000,1.0727015,2.0,560.9,0.109529965,0.39615402,0.6105764571065996,0.6105764571065996,2.1646482382773184,0.0014843958,0.4173075,0.00023202864,0.17734286,0.007736552,0.019090293,0.020062434,1.0
2310000,1.0758423,2.0,631.7045454545455,0.13887791,0.41766143,0.6012644236286481,0.6012644236286481,2.488418401405215,0.0016971095,0.4043434,0.0002311442,0.17704807,0.007707099,0.018456055,0.03578655,1.0
2340000,1.0059794,2.0,423.86486486486484,0.22966608,0.44855765,0.7137810678498165,0.7137810678498165,1.5850630727017652,0.0024339433,0.42508683,0.00023025132,0.17675042,0.0076773665,0.017692093,0.029922025,1.0
2370000,1.0350981,2.0,457.25,0.15663327,0.41618901,0.6750746140284325,0.6750746140284325,1.5676429360938162,0.0016663758,0.39589742,0.00022932196,0.17644064,0.007646419,0.0164293,0.018348774,1.0
2400000,0.9981008,2.0,330.15584415584414,0.2083593,0.43108797,0.7518506063907234,0.7518506063907234,1.1317657807290002,0.0025614281,0.38991752,0.0002284618,0.17615391,0.007617776,0.016101105,0.023399021,1.0
2430000,0.95272964,2.0,413.1232876712329,0.20966664,0.4684121,0.6891397151534688,0.6891397151534688,1.7945604646859104,0.002432029,0.401821,0.00022755738,0.17585245,0.0075876606,0.02141569,0.039909385,1.0
2460000,1.00335,2.0,512.1159420289855,0.21706364,0.44851136,0.6625304212388785,0.6625304212388785,1.9120926946550068,0.002627785,0.40116012,0.0002266417,0.17554723,0.0075571663,0.018210517,0.03377777,1.0
2490000,1.0384165,2.0,365.20588235294116,0.19586305,0.44603607,0.7368249884423088,0.7368249884423088,1.4987833163365447,0.0019028248,0.407304,0.0002257568,0.17525226,0.0075276997,0.019767357,0.041144803,1.0
2520000,0.95712405,2.0,371.5,0.24079986,0.4730862,0.7115474889986217,0.7115474889986217,1.4863127191434615,0.0021287156,0.4127415,0.00022485592,0.17495196,0.007497701,0.018000277,0.026846016,1.0
2550000,0.92323333,2.0,395.1358024691358,0.19950035,0.37905106,0.7339594844681553,0.7339594844681553,1.2654911890696687,0.0018865807,0.43040434,0.00022393568,0.1746452,0.0074670566,0.017006652,0.019196855,1.0
2580000,0.8541725,2.0,333.0989010989011,0.20408699,0.37257692,0.6957363521849568,0.6957363521849568,1.4557051682971756,0.0028053275,0.42041054,0.0002230282,0.17434274,0.0074368375,0.021058554,0.040074725,1.0
2610000,0.94644004,2.0,427.8909090909091,0.24190737,0.37148625,0.7177163829080394,0.7177163829080394,1.5324308981233445,0.0025191228,0.37342417,0.00022212199,0.17404065,0.0074066604,0.017026262,0.024124514,1.0
2640000,0.88393307,2.0,431.4431818181818,0.23108874,0.32399008,0.6596840781752359,0.6596840781752359,1.6229788702462842,0.0025335576,0.38596803,0.00022123916,0.17374638,0.0073772627,0.018431725,0.020134686,1.0
2670000,1.016015,2.0,345.59154929577466,0.15814607,0.39107192,0.7966690010482996,0.7966690010482996,1.2135736705787794,0.0024703802,0.43659762,0.00022037879,0.17345956,0.0073486115,0.018803222,0.026556224,1.0
2700000,1.0565432,2.0,411.74242424242425,0.13152456,0.39062726,0.6404061399400234,0.6404061399400234,1.6893738658382342,0.0019734157,0.4100213,0.00021946071,0.17315356,0.0073180394,0.018054307,0.025999099,1.0
2730000,1.0579772,2.0,504.07042253521126,0.13820942,0.38707954,0.56895971018821,0.56895971018821,1.9140225092253078,0.001393163,0.36204782,0.00021853005,0.17284337,0.00728705,0.017532064,0.021743149,1.0
2760000,1.0856107,2.0,535.6346153846154,0.09626652,0.39874887,0.5665150816851067,0.5665150816851067,2.0857887903474412,0.0020754084,0.39494836,0.00021763354,0.1725445,0.007257195,0.020020105,0.027962439,1.0
2790000,0.9065883,2.0,463.2631578947368,0.23651703,0.3705995,0.6952986533443133,0.6952986533443133,1.8134706839049857,0.0026734276,0.42270055,0.00021673364,0.17224449,0.0072272276,0.018198885,0.032801457,1.0
2820000,0.94655085,2.0,362.5625,0.19445203,0.39239228,0.7551730657712772,0.7551730657712772,1.5089843557156526,0.0022991097,0.42832994,0.00021583466,0.17194487,0.007197292,0.019232342,0.035341833,1.0
2850000,0.9270227,2.0,297.4,0.20785467,0.50326276,0.7696329217131544,0.7696329217131544,1.4229434723170793,0.0785119,0.36103895,0.00021493467,0.1716449,0.007167322,0.037506107,0.05392106,1.0
2880000,0.93103766,2.0,423.64285714285717,0.21687563,0.5695644,0.7226182820684299,0.7226182820684299,4.970700078575713,0.14327183,0.41420147,0.00021405598,0.17135197,0.007138063,0.04496828,0.0447978,1.0
2910000,0.9788031,2.0,427.5409836065574,0.21249817,0.42802256,0.6812774070328281,0.6812774070328281,2.0442823166358135,0.0027529902,0.3904147,0.00021314094,0.17104697,0.007107592,0.02095541,0.035829876,1.0
2940000,1.0010393,2.0,482.98333333333335,0.15717462,0.4183624,0.6733442492416648,0.6733442492416648,1.9244870275152144,0.0020364493,0.37592423,0.00021221748,0.17073914,0.0070768404,0.017842766,0.020935258,1.0
2970000,0.9814432,2.0,535.7910447761194,0.1372656,0.37177038,0.5338079231599021,0.5338079231599021,2.1128267158887217,0.002062906,0.38097873,0.00021132307,0.170441,0.007047057,0.017907515,0.04540899,1.0
3000000,1.0514183,2.0,430.7142857142857,0.17510535,0.42040843,0.7488095134733215,0.7488095134733215,1.563302041208815,0.0023814668,0.37580135,0.00021043429,0.17014477,0.00701746,0.01966473,0.036761787,1.0
3030000,1.1872483,2.0,717.675,0.062478364,0.45385665,0.32721793164427465,0.32721793164427465,3.6209395891533065,0.001718799,0.373711,0.00020954135,0.16984709,0.006987726,0.023571359,0.057845548,1.0
3060000,1.0767604,2.0,501.88235294117646,0.13656503,0.45797932,0.6423235151040203,0.6423235151040203,2.190789113533409,0.002245493,0.42181307,0.00020867561,0.16955851,0.0069588968,0.020776777,0.030602733,1.0
3090000,1.0722723,2.0,480.60714285714283,0.11593162,0.44605827,0.6797420923647127,0.6797420923647127,2.067545869436703,0.0023880373,0.38532013,0.00020778192,0.1692606,0.006929136,0.020358948,0.019258382,1.0
3120000,0.9965706,2.0,423.86842105263156,0.14816359,0.4153878,0.6925799929102262,0.6925799929102262,1.7848682570705812,0.002396614,0.3892048,0.00020685863,0.16895285,0.0068983906,0.01962936,0.024351439,1.0
3150000,0.98219466,2.0,398.82894736842104,0.18556857,0.41270447,0.7212710396239632,0.7212710396239632,1.5761555236225064,0.0022094208,0.4327623,0.00020595692,0.16865228,0.0068683648,0.018844502,0.02740419,1.0
3180000,1.0149466,2.0,419.38666666666666,0.15814275,0.46551824,0.6897610974394612,0.6897610974394612,1.6918568478011164,0.00530152,0.39421716,0.00020504532,0.16834842,0.0068380074,0.019205382,0.02840701,1.0
3210000,0.9330512,2.0,340.01428571428573,0.15856735,0.37452012,0.7493027266982484,0.7493027266982484,1.2625358211010542,0.001960962,0.43721566,0.00020413879,0.16804625,0.00680782,0.018584955,0.018237837,1.0
3240000,0.98886615,2.0,486.74626865671644,0.1431194,0.37778696,0.6679298363959612,0.6679298363959612,1.7215748536052988,0.0022198197,0.39896998,0.0002032552,0.16775171,0.0067783967,0.017103763,0.022788284,1.0
3270000,1.0321163,2.0,473.65,0.1339125,0.37278315,0.6784749844421943,0.6784749844421943,1.6304113734629937,0.001796291,0.36902043,0.00020235985,0.16745329,0.006748582,0.01823132,0.023738889,1.0
3300000,0.91992515,2.0,365.43333333333334,0.20475017,0.38208628,0.7351837075033854,0.7351837075033854,1.4820224522981187,0.0023145727,0.4291408,0.00020145644,0.16715214,0.0067184977,0.018352661,0.019410703,1.0
3330000,0.9992392,2.0,446.9130434782609,0.17161587,0.3834959,0.6681366054944589,0.6681366054944589,1.703145405612099,0.005707688,0.40869534,0.00020053881,0.16684625,0.00668794,0.01973347,0.029957375,1.0
3360000,1.1230183,2.0,744.9444444444445,0.13074441,0.6343669,0.4241052434632653,0.4241052434632653,6.072683904221968,0.021888727,0.40321806,0.00019965584,0.16655193,0.0066585387,0.043225925,0.054854292,1.0
3390000,0.98595196,2.0,409.46835443037975,0.18522912,0.44547328,0.7152181720578825,0.7152181720578825,1.8557072438196847,0.0019859043,0.40054068,0.00019874866,0.16624953,0.006628328,0.021897817,0.025921827,1.0
3420000,1.0926809,2.0,480.3269230769231,0.1475393,0.408376,0.6329981312155724,0.6329981312155724,1.8368584227713722,0.0017882796,0.3936151,0.00019784515,0.16594836,0.0065982416,0.021102222,0.033988822,1.0
3450000,1.115481,2.0,562.5,0.11905879,0.42491263,0.5500690760937604,0.5500690760937604,2.3421528627926653,0.0017293638,0.393922,0.0001969552,0.16565172,0.0065686055,0.020248862,0.022322606,1.0
3480000,1.115196,2.0,619.32,0.09452059,0.37427127,0.45353123747433227,0.45353123747433227,2.57877135691524,0.0014129453,0.36055076,0.00019602677,0.16534224,0.00653769,0.01676367,0.019086465,1.0
3510000,1.0413218,2.0,513.3214285714286,0.13157488,0.40607384,0.635540662049237,0.635540662049237,1.9771174852404807,0.0019508507,0.38675848,0.00019512963,0.16504319,0.0065078144,0.020400861,0.03348821,1.0
3540000,0.98402524,2.0,412.32941176470587,0.16449094,0.4046653,0.7042204717465912,0.7042204717465912,1.5681423959041756,0.0017975402,0.414708,0.00019422834,0.16474278,0.006477801,0.017744523,0.018655017,1.0
3570000,1.0478619,2.0,411.5735294117647,0.21628977,0.4160412,0.6733999893520818,0.6733999893520818,1.5659874695155658,0.0017643851,0.4324226,0.0001933598,0.16445327,0.00644888,0.019430624,0.027307877,1.0
3600000,0.9578519,2.0,333.54945054945057,0.22497617,0.40587214,0.7492420361800627,0.7492420361800627,1.3221696109870786,0.0023454619,0.41121536,0.00019244241,0.16414745,0.0064183315,0.01704868,0.017144978,1.0
3630000,0.87597156,2.0,294.2083333333333,0.2217159,0.3879944,0.7907874896907463,0.7907874896907463,0.939003254698876,0.002449404,0.4315294,0.00019155486,0.1638516,0.0063887755,0.016891925,0.020242654,1.0
3660000,1.0445693,2.0,519.3818181818182,0.11096291,0.4213364,0.6125399878079241,0.6125399878079241,1.9218793706291102,0.0018564777,0.4208768,0.00019066689,0.16355562,0.0063592056,0.01914489,0.024402482,1.0
3690000,1.0226938,2.0,419.2564102564103,0.107371494,0.41177705,0.6541695517042408,0.6541695517042408,1.7324554324993675,0.0020507316,0.39486662,0.0001897351,0.16324504,0.0063281776,0.016335536,0.011965745,1.0
3720000,0.8609774,2.0,299.01769911504425,0.24525994,0.42353317,0.8325170840208347,0.8325170840208347,0.8251346799059429,0.0027223,0.40882748,0.00018882171,0.16294055,0.006297761,0.01677021,0.017898906,1.0
3750000,0.9731467,2.0,305.65432098765433,0.20143282,0.608016,0.7640646946780821,0.7640646946780821,1.6916929141673096,0.007511978,0.42377105,0.00018793152,0.16264382,0.006268119,0.023771338,0.03667272,1.0
3780000,1.0985298,2.0,488.76,0.109500684,0.49056038,0.6348299864679575,0.6348299864679575,1.7236052507022395,0.0018569708,0.40246964,0.00018704176,0.16234724,0.00623849,0.01949249,0.038634326,1.0
3810000,0.9650003,2.0,455.89156626506025,0.16393714,0.47405002,0.6181802347670367,0.6181802347670367,1.9358896255654134,0.0019355428,0.42396352,0.00018613317,0.16204436,0.0062082326,0.018133651,0.028561365,1.0
3840000,0.87377286,2.0,334.3142857142857,0.18723556,0.449133,0.7740369935333729,0.7740369935333729,1.218122963346541,0.0025667192,0.42155978,0.00018523073,0.16174355,0.0061781816,0.016555527,0.017971845,1.0
3870000,1.0096073,2.0,293.32911392405066,0.16942129,0.4193481,0.7897487744325544,0.7897487744325544,1.1469165868830027,0.0021551703,0.40973887,0.00018434454,0.16144817,0.006148671,0.01774377,0.020666363,1.0
3900000,0.963447,2.0,392.17241379310343,0.1910349,0.38686153,0.7508293995962424,0.7508293995962424,1.221848147515865,0.0020569449,0.42757758,0.00018344376,0.1611479,0.006118675,0.01558961,0.013528108,1.0
3930000,0.8895235,2.0,287.3636363636364,0.22678404,0.38797674,0.8098128922684218,0.8098128922684218,1.1078531899194042,0.0023061878,0.44086552,0.0001825577,0.16085257,0.0060891705,0.02059954,0.038294572,1.0
3960000,0.9700372,2.0,338.9012345679012,0.22644961,0.43928605,0.7450148089800352,0.7450148089800352,1.3956324546770364,0.0017827891,0.41176775,0.00018165803,0.16055265,0.0060592107,0.018098328,0.031614095,1.0
3990000,0.9543544,2.0,424.3703703703704,0.20534198,0.4727939,0.674738259135205,0.674738259135205,1.8640845856359114,0.002479517,0.44492102,0.00018074203,0.16024733,0.0060287085,0.019989481,0.025283366,1.0
4020000,0.9985541,2.0,378.44303797468353,0.20650539,0.42560565,0.7687407789359751,0.7687407789359751,1.367030747161296,0.0020210762,0.4367078,0.00017984533,0.15994844,0.005998847,0.017848276,0.025022995,1.0
4050000,0.9928918,2.0,381.9861111111111,0.16599652,0.44056427,0.7259588912129402,0.7259588912129402,1.491424047260558,0.0020063033,0.43124354,0.00017893486,0.15964493,0.0059685293,0.018535487,0.023199419,1.0
4080000,0.8948959,2.0,379.5632183908046,0.20707743,0.37735298,0.7365588751931985,0.7365588751931985,1.3300510939624575,0.00217797,0.41397715,0.000178063,0.15935431,0.0059394976,0.014949708,0.01682066,1.0
4110000,0.9276403,2.0,418.3157894736842,0.17770703,0.39114356,0.6940871248287814,0.6940871248287814,1.578605505185468,0.0015980843,0.42347366,0.00017715362,0.15905118,0.0059092143,0.019997293,0.038599033,1.0
4140000,0.98830914,2.0,392.02985074626866,0.17286803,0.48660925,0.7064756675547844,0.7064756675547844,1.5672849050999895,0.001850385,0.41352218,0.00017624239,0.15874743,0.00587887,0.022220064,0.044151668,1.0
4170000,0.9529191,2.0,401.64473684210526,0.19135304,0.45351636,0.6903783612053942,0.6903783612053942,1.7633459703065455,0.002357299,0.39551514,0.0001753577,0.15845253,0.005849409,0.018332984,0.028284142,1.0
4200000,0.8049016,2.0,273.04615384615386,0.3219731,0.42235392,0.8499539605090543,0.8499539605090543,0.8175922327458726,0.0019176931,0.45227757,0.00017445974,0.15815324,0.0058195074,0.014898051,0.011723745,1.0
4230000,0.8939336,2.0,242.12121212121212,0.25870565,0.37516102,0.8252320320716182,0.8252320320716182,0.8531675537080657,0.0019853476,0.4550942,0.00017354348,0.15784779,0.005788996,0.016266173,0.013727904,1.0
4260000,1.0253108,2.0,395.1449275362319,0.17161554,0.38027897,0.707874614356169,0.707874614356169,1.3294073560747748,0.0028225086,0.4171264,0.0001726611,0.15755369,0.0057596136,0.016909454,0.01946364,1.0
4290000,0.9564513,2.0,391.22222222222223,0.24032748,0.36101004,0.6859021813168631,0.6859021813168631,1.3641397593092623,0.0025178639,0.41558415,0.00017173596,0.15724528,0.005728805,0.017234638,0.021434693,1.0
4320000,1.0452917,2.0,357.4714285714286,0.1850789,0.38708162,0.7799333223830098,0.7799333223830098,1.3261428753696922,0.0017028601,0.43881395,0.0001708189,0.15693961,0.0056982683,0.017625315,0.024826948,1.0
4350000,0.9892438,2.0,407.52564102564105,0.22524677,0.40579677,0.7168839398173639,0.7168839398173639,1.5321425689257866,0.0020694518,0.4374502,0.00016995109,0.15665033,0.00566937,0.020388287,0.03970266,1.0
4380000,0.89686126,2.0,326.07142857142856,0.24753305,0.38130146,0.7547389378673152,0.7547389378673152,1.2806568229693527,0.0028479334,0.42627075,0.00016904414,0.15634802,0.005639168,0.017425645,0.021558557,1.0
4410000,0.9204936,2.0,346.94565217391306,0.2325911,0.42507598,0.7638087786815979,0.7638087786815979,1.3211958226798983,0.0029001124,0.4149328,0.00016813322,0.15604438,0.0056088343,0.017913902,0.026624788,1.0
4440000,0.9854365,2.0,368.6621621621622,0.21475852,0.4066669,0.7765480431836921,0.7765480431836921,1.2722467010335803,0.0017761409,0.42284128,0.00016723327,0.15574442,0.0055788653,0.0175242,0.01629591,1.0
4470000,1.0192097,2.0,385.22857142857146,0.15474007,0.38772613,0.7052028877795606,0.7052028877795606,1.4594515121366451,0.0019766528,0.4121079,0.00016634996,0.15544997,0.005549451,0.017139833,0.0216384,1.0
4500000,1.022685,2.0,465.34285714285716,0.13633454,0.42084897,0.6990464666569737,0.6990464666569737,1.6468054254467166,0.0022285501,0.43148756,0.00016546629,0.15515542,0.0055200257,0.01901,0.032794945,1.0
4530000,1.0178894,2.0,401.25,0.1484465,0.4158757,0.6539851210608676,0.6539851210608676,1.8508938244871191,0.0018706878,0.43138045,0.00016456848,0.15485615,0.0054901284,0.020084132,0.02958133,1.0
4560000,0.9685758,2.0,352.61052631578946,0.15798356,0.41797167,0.7274955469701025,0.7274955469701025,1.387727237575584,0.0019473488,0.41975388,0.00016365996,0.1545533,0.0054598744,0.01977699,0.017133525,1.0
4590000,0.8881706,2.0,271.02,0.19432624,0.43068403,0.797665678256867,0.797665678256867,1.1394027460129093,0.002163295,0.40932754,0.00016274067,0.15424688,0.0054292628,0.018580616,0.013822251,1.0
4620000,0.9331534,2.0,362.92857142857144,0.18566212,0.47994453,0.7512278973103262,0.7512278973103262,1.4843264976516366,0.0023064183,0.41606808,0.00016184853,0.1539495,0.0053995545,0.021963414,0.029452033,1.0
4650000,0.85491836,2.0,293.51428571428573,0.22284792,0.4795056,0.7906019710520706,0.7906019710520706,1.1935078152593706,0.0022813973,0.4121174,0.00016095524,0.15365173,0.0053698076,0.016885888,0.008568707,1.0
4680000,1.0412366,2.0,463.75925925925924,0.12692459,0.44424796,0.7032490766861222,0.7032490766861222,1.583063601499254,0.0019985375,0.4027826,0.00016004205,0.15334733,0.005339399,0.021277629,0.034333553,1.0
4710000,0.92388415,2.0,397.2409638554217,0.17898318,0.43731174,0.6960999895106343,0.6960999895106343,1.8055719617165296,0.0019977083,0.40512565,0.00015915038,0.15305011,0.0053097056,0.017644027,0.017525498,1.0
4740000,0.7269689,2.0,239.44295302013424,0.28107125,0.38975978,0.8336877506606433,0.8336877506606433,0.7958277931253166,0.0025984852,0.45874062,0.00015825359,0.15275116,0.005279842,0.015706113,0.012026461,1.0
4770000,0.8716331,2.0,233.82828282828282,0.24651039,0.43027392,0.8622561154925094,0.8622561154925094,0.931306217697316,0.0024102384,0.42802787,0.00015734286,0.1524476,0.0052495156,0.020169511,0.022904709,1.0
4800000,0.9748128,2.0,423.14666666666665,0.18460332,0.45503938,0.7056364712078829,0.7056364712078829,1.7439703032676432,0.0020369948,0.41382295,0.00015644444,0.15214814,0.005219598,0.019134073,0.029245464,1.0
4830000,0.96607274,2.0,374.9166666666667,0.17342907,0.40021852,0.7257079835732778,0.7257079835732778,1.336616563424468,0.0025943345,0.42545143,0.00015554678,0.15184891,0.005189705,0.016195163,0.01931907,1.0
4860000,0.92803085,2.0,369.9895833333333,0.16649121,0.3550027,0.709068465249046,0.709068465249046,1.2815666372037453,0.001784003,0.4007664,0.00015463283,0.15154426,0.0051592705,0.01572359,0.01608742,1.0
4890000,0.86106414,2.0,296.34375,0.22959638,0.33416644,0.7851797913511595,0.7851797913511595,0.9364843400468053,0.0019374038,0.39456052,0.00015374213,0.15124737,0.0051296107,0.01518166,0.007692237,1.0
4920000,0.8936258,2.0,309.71794871794873,0.17438953,0.33730328,0.7728914543077713,0.7728914543077713,1.0445578021576583,0.0023129114,0.3984373,0.00015288251,0.1509608,0.0051009855,0.016758706,0.015815167,1.0
4950000,1.0457948,2.0,549.9818181818182,0.11741726,0.39107466,0.6194980661742963,0.6194980661742963,1.9498720698936198,0.001536614,0.37897313,0.00015197664,0.15065886,0.00507082,0.019980341,0.02243851,1.0
4980000,0.9535948,2.0,447.5,0.18056075,0.41224107,0.6487874831590388,0.6487874831590388,1.7372842572545375,0.001994247,0.3990616,0.00015105178,0.15035059,0.0050400225,0.016267579,0.016905302,1.0
5010000,1.0156382,2.0,446.2112676056338,0.13004886,0.37967277,0.7039242741252695,0.7039242741252695,1.470416338449078,0.0021685206,0.39942744,0.00015012866,0.15004286,0.005009283,0.01685008,0.019933028,1.0
5040000,1.0672354,2.0,554.375,0.11321682,0.42114025,0.5621836572429355,0.5621836572429355,2.1585575775338377,0.0015342962,0.39134085,0.00014924376,0.1497479,0.0049798153,0.021870011,0.049301427,1.0
5070000,1.0470387,2.0,492.6949152542373,0.12551686,0.42967096,0.603053207839689,0.603053207839689,2.070012999848733,0.0022553215,0.40215084,0.00014837527,0.1494584,0.004950895,0.019049209,0.032019272,1.0
5100000,0.87048787,2.0,309.79646017699116,0.21153334,0.46785948,0.7492798079112801,0.7492798079112801,1.2574330180575815,0.002470443,0.4143067,0.00014745558,0.14915183,0.004920269,0.016405169,0.017145105,1.0
5130000,0.88035506,2.0,287.5925925925926,0.23871276,0.44061765,0.8090638792901127,0.8090638792901127,0.9464750474866445,0.002637951,0.4545143,0.00014654778,0.14884925,0.0048900396,0.016226912,0.019093232,1.0
5160000,0.9545233,2.0,333.7432432432432,0.18346281,0.43632317,0.7975493228435516,0.7975493228435516,1.2630153856923183,0.0020015116,0.4302929,0.00014564593,0.14854862,0.004860007,0.018756978,0.026686784,1.0
5190000,1.022459,2.0,420.3880597014925,0.09560372,0.6796904,0.6566808676237569,0.6566808676237569,4.535745651036611,0.38434723,0.42765683,0.00014476135,0.14825375,0.00483055,0.05026208,0.054388486,1.0
5220000,0.8946474,2.0,378.8,0.20718785,0.4830312,0.7417285606569174,0.7417285606569174,1.821705561691933,0.0022005483,0.43543896,0.00014385236,0.14795077,0.004800282,0.020732727,0.023638466,1.0
5250000,0.9320265,2.0,305.1363636363636,0.17854232,0.45311052,0.792056965793288,0.792056965793288,1.2448532729258024,0.0020083508,0.4174088,0.00014293277,0.1476442,0.0047696596,0.018790962,0.021198537,1.0
5280000,0.8605058,2.0,283.7818181818182,0.23620634,0.40748158,0.8090553473282073,0.8090553473282073,1.0630227829096839,0.0022512956,0.4675571,0.00014204017,0.14734672,0.004739936,0.015956579,0.01204489,1.0
5310000,0.81047034,2.0,271.1186440677966,0.2501333,0.4028103,0.8331333207979537,0.8331333207979537,1.0321422403907043,0.0026033144,0.45410046,0.0001411556,0.14705184,0.0047104787,0.017472114,0.02378015,1.0
5340000,0.9007259,2.0,289.0430107526882,0.23795134,0.3922019,0.8313679930567741,0.8313679930567741,0.9875229042582214,0.0021718894,0.44402945,0.00014024615,0.14674869,0.004680195,0.01760911,0.02259761,1.0
5370000,1.015706,2.0,408.1212121212121,0.15168716,0.42261282,0.67526934163705,0.67526934163705,1.6103100311762142,0.00235551,0.4637958,0.00013935633,0.14645208,0.004650564,0.01896557,0.031147081,1.0
5400000,0.83259124,2.0,330.30841121495325,0.24944481,0.38310775,0.7558907305614816,0.7558907305614816,1.255158213864046,0.002392851,0.42893845,0.00013845906,0.146153,0.004620684,0.017232245,0.01433809,1.0
5430000,0.8937706,2.0,306.8170731707317,0.19042008,0.4149789,0.8082083241925353,0.8082083241925353,1.2467362561063575,0.002038508,0.43431404,0.00013756569,0.14585522,0.004590936,0.020303685,0.03532445,1.0
5460000,0.9795688,2.0,365.2682926829268,0.1810777,0.39494568,0.7200422970912396,0.7200422970912396,1.362545285648547,0.0016792768,0.4251482,0.00013665392,0.14555128,0.004560574,0.01792335,0.015256854,1.0
5490000,0.885127,2.0,326.32323232323233,0.21741444,0.38179934,0.7542650420399546,0.7542650420399546,1.168642294922057,0.0017903948,0.40973157,0.00013574517,0.14524838,0.0045303125,0.015556991,0.011781918,1.0
5520000,0.927805,2.0,350.91011235955057,0.17083561,0.34770367,0.7607752842938199,0.7607752842938199,1.0553024427198312,0.0018383737,0.42061973,0.00013486957,0.14495648,0.004501154,0.015159902,0.012853469,1.0
5550000,0.8035321,2.0,223.48360655737704,0.29463792,0.3777118,0.843466925339436,0.843466925339436,0.8221950234953446,0.0022311953,0.4342936,0.00013396729,0.14465573,0.0044711092,0.018019363,0.031372204,1.0
5580000,1.0066184,2.0,425.9078947368421,0.16367824,0.42661965,0.6994342716676848,0.6994342716676848,1.593624152148342,0.0017214,0.4193394,0.0001330418,0.14434727,0.0044402904,0.018851323,0.02454417,1.0
5610000,0.917095,2.0,386.0759493670886,0.20926473,0.42339143,0.7103059387632779,0.7103059387632779,1.5476363081335356,0.0020180133,0.420296,0.00013213305,0.14404434,0.004410029,0.01700664,0.0188627,1.0
5640000,0.81922656,2.0,248.02564102564102,0.23381864,0.40018234,0.8190955268219113,0.8190955268219113,0.8571050466104809,0.0016462951,0.43295124,0.00013124713,0.14374901,0.004380527,0.015996208,0.013830796,1.0
5670000,0.8540614,2.0,294.70454545454544,0.20846233,0.408366,0.7926591295067982,0.7926591295067982,0.9624125025903566,0.0035491737,0.42156097,0.00013035862,0.14345285,0.00435094,0.015490658,0.013102292,1.0
5700000,0.92065233,2.0,450.0125,0.20914909,0.5835501,0.6929205047587553,0.6929205047587553,3.465652708250743,0.044827987,0.3951693,0.00012945819,0.14315271,0.004320956,0.04127136,0.051446743,1.0
5730000,0.86169636,2.0,252.32291666666666,0.22470643,0.3980796,0.8360323163144516,0.8360323163144516,1.0572842906483195,0.002392913,0.4361097,0.00012854661,0.14284883,0.0042906,0.016070252,0.016717773,1.0
5760000,0.930842,2.0,441.9868421052632,0.15652965,0.37020814,0.6440450600545171,0.6440450600545171,1.4662733271809845,0.0016859828,0.40787274,0.00012762506,0.14254166,0.0042599123,0.015771559,0.021915656,1.0
5790000,0.8447141,2.0,263.1682242990654,0.2601879,0.40339556,0.8405363574624062,0.8405363574624062,0.8217521288326349,0.0025354854,0.44895294,0.00012672915,0.14224303,0.004230079,0.01738127,0.028002944,1.0
5820000,0.8227109,2.0,298.8918918918919,0.2401472,0.36854005,0.8046212863453008,0.8046212863453008,1.056320647450371,0.0022053926,0.42884192,0.00012581896,0.14193963,0.004199769,0.017644977,0.020565275,1.0
5850000,0.8628616,2.0,325.81111111111113,0.235134,0.46365532,0.7431193462783291,0.7431193462783291,1.3707890414422559,0.00606668,0.39656842,0.0001249472,0.14164904,0.0041707396,0.02090071,0.03308906,1.0
5880000,0.8935712,2.0,294.468085106383,0.21649903,0.65923303,0.8149510783183834,0.8149510783183834,3.1792344911752837,0.13177381,0.42653346,0.00012404987,0.14134993,0.0041408585,0.04049615,0.030582322,1.0
5910000,0.77899295,2.0,263.41803278688525,0.22425398,0.44615063,0.8225861733279577,0.8225861733279577,1.2670644425949824,0.0027024692,0.46781343,0.00012314701,0.14104897,0.004110793,0.018032158,0.02239886,1.0
5940000,0.9032329,2.0,325.9111111111111,0.18005158,0.3847313,0.775706658926275,0.775706658926275,1.2272390740613142,0.0023859364,0.42420048,0.00012226329,0.1407544,0.0040813657,0.017973727,0.023915622,1.0
5970000,0.99921364,2.0,335.975,0.15712689,0.36333165,0.7755612401291728,0.7755612401291728,1.1918567771557718,0.0023647822,0.42281646,0.00012137008,0.14045666,0.004051621,0.017866446,0.014766234,1.0
6000000,0.9902895,2.0,355.5625,0.17925557,0.36750916,0.7431011838572366,0.7431011838572366,1.5087141676063074,0.0028946572,0.42885086,0.00012046029,0.14015341,0.004021325,0.01988583,0.0318994,1.0
6030000,1.0035577,2.0,361.87654320987656,0.12955284,0.39039943,0.7280670769418343,0.7280670769418343,1.4759223246239597,0.0019132291,0.4128365,0.00011957678,0.1398589,0.003991905,0.01980431,0.033630986,1.0
6060000,0.9193667,2.0,337.21649484536084,0.17283583,0.41222623,0.7641580545453615,0.7641580545453615,1.521205375794702,0.0027081624,0.46402723,0.00011867063,0.13955684,0.00396173,0.022603903,0.04162522,1.0
6090000,0.96685034,2.0,403.0,0.13903116,0.4465042,0.6832739638853563,0.6832739638853563,1.7884977586624813,0.0022915853,0.42935044,0.00011776755,0.13925584,0.003931657,0.020006003,0.02253126,1.0
6120000,1.0664707,2.0,567.5263157894736,0.07482467,0.45602593,0.5217727095566013,0.5217727095566013,2.475039194896817,0.0016024081,0.39347202,0.00011684942,0.13894978,0.003901084,0.021203773,0.023297336,1.0
6150000,0.92516565,2.0,323.90625,0.20871466,0.41100055,0.7556802009542783,0.7556802009542783,1.3386236820369959,0.002227185,0.3703016,0.00011594961,0.13864985,0.00387112,0.018863259,0.015104516,1.0
6180000,1.0176234,2.0,429.17857142857144,0.1373509,0.37669903,0.6830052500100512,0.6830052500100512,1.4497690968738313,0.0013180051,0.41827065,0.000115073446,0.13835777,0.0038419436,0.017664133,0.01591727,1.0
6210000,0.8490534,2.0,305.68468468468467,0.1924326,0.4188352,0.7722685087334227,0.7722685087334227,1.1544298992526751,0.0020671117,0.41155118,0.00011415374,0.13805123,0.003811317,0.01909661,0.021163477,1.0
6240000,0.9533579,2.0,364.0731707317073,0.17684866,0.40567183,0.7531620632300432,0.7531620632300432,1.3150820244162547,0.0021043017,0.4081897,0.00011325644,0.13775212,0.0037814374,0.016430764,0.013431875,1.0
6270000,1.0909282,2.0,455.64814814814815,0.106325656,0.3909488,0.6583199867606163,0.6583199867606163,1.5522624984756113,0.0015366754,0.38622552,0.000112374764,0.13745822,0.0037520775,0.01855246,0.022905054,1.0
6300000,0.9652073,2.0,411.60674157303373,0.15869525,0.44501767,0.6541527368046425,0.6541527368046425,1.6889076247801083,0.0017522129,0.4226866,0.00011145509,0.13715167,0.003721452,0.018930793,0.0156798,1.0
6330000,0.9375703,2.0,336.9605263157895,0.15512733,0.4554391,0.7839909001410782,0.7839909001410782,1.2236013949739855,0.0019240036,0.41550633,0.00011055315,0.13685101,0.0036914174,0.020155005,0.024275823,1.0
6360000,0.9660503,2.0,371.967032967033,0.12818834,0.64413095,0.7161590792238712,0.7161590792238712,2.1440936012024228,0.0053446665,0.3980782,0.000109636465,0.13654545,0.0036608924,0.030430054,0.04506896,1.0
6390000,1.0167813,2.0,434.0289855072464,0.1362861,0.48179716,0.6823808704228962,0.6823808704228962,2.0455953126828024,0.0019959458,0.3958891,0.000108723194,0.13624103,0.0036304803,0.018758671,0.013674641,1.0
6420000,0.9320399,2.0,326.3258426966292,0.17493103,0.41529194,0.7744055453273985,0.7744055453273985,1.204773323957084,0.0025022908,0.42556688,0.00010784681,0.13594891,0.0036012963,0.01746062,0.02063476,1.0
6450000,0.8994633,2.0,338.96774193548384,0.1612438,0.34674564,0.7690684701437536,0.7690684701437536,1.0958695044720788,0.0022137281,0.43779704,0.00010694109,0.13564701,0.003571136,0.016375408,0.015793767,1.0
6480000,0.978412,2.0,396.1066666666667,0.10983874,0.36872518,0.7338289349879089,0.7338289349879089,1.2762828638630086,0.0018218157,0.43987453,0.000106046136,0.13534868,0.003541334,0.014796714,0.012200488,1.0
6510000,0.8862715,2.0,288.9,0.18836813,0.36686897,0.8072637129648059,0.8072637129648059,0.9436940205301724,0.002476953,0.43581674,0.00010515388,0.13505128,0.0035116218,0.015897896,0.01195067,1.0
6540000,0.9763559,2.0,416.3,0.14256997,0.39709774,0.7007202781412912,0.7007202781412912,1.5502008556833733,0.0018585288,0.40054002,0.00010425818,0.13475272,0.0034817955,0.017937968,0.015688833,1.0
6570000,0.9480823,2.0,367.3125,0.16664529,0.3661748,0.7279813221096992,0.7279813221096992,1.3657533464301377,0.0019600487,0.37977198,0.000103338745,0.13444623,0.0034511776,0.016458815,0.013479484,1.0
6600000,0.8892156,2.0,317.3,0.19069803,0.3336324,0.7762528254457239,0.7762528254457239,1.0729589490483533,0.0018308635,0.44940302,0.00010244636,0.13414876,0.003421461,0.016331114,0.016157614,1.0
6630000,0.9076918,2.0,306.5729166666667,0.20583951,0.3489943,0.7860587559563598,0.7860587559563598,1.13999258421035,0.002598273,0.42886546,0.000101568156,0.13385603,0.0033922172,0.020273415,0.029480202,1.0
6660000,0.9845163,2.0,448.7042253521127,0.17447494,0.36098853,0.689601434637671,0.689601434637671,1.555684091280336,0.0017880455,0.35925484,0.00010065169,0.13355054,0.0033616992,0.015373815,0.019553818,1.0
6690000,0.8125043,2.0,276.70642201834863,0.24932587,0.5428551,0.8114379526426395,0.8114379526426395,1.281573555835402,0.16668384,0.39511007,9.9754114e-05,0.13325134,0.0033318088,0.041616768,0.06082895,1.0
6720000,0.86842966,2.0,325.40425531914894,0.2605502,0.35505942,0.7908219696728738,0.7908219696728738,2.431640144754815,0.003488066,0.43155995,9.883548e-05,0.13294514,0.0033012186,0.018109435,0.026405007,1.0
6750000,0.899027,2.0,310.8988764044944,0.21456124,0.33354405,0.7653041989395493,0.7653041989395493,1.1406900154720796,0.002139701,0.45839936,9.794654e-05,0.13264881,0.003271618,0.015320151,0.013049721,1.0
6780000,0.86943734,2.0,323.6060606060606,0.21159722,0.32090038,0.7683244617854027,0.7683244617854027,1.017324206042797,0.0023895518,0.4419322,9.705015e-05,0.13235004,0.0032417679,0.014043487,0.009174551,1.0
6810000,0.94745976,2.0,340.59493670886076,0.15772265,0.3311762,0.7850695009820345,0.7850695009820345,1.0310638732072421,0.0018253827,0.4144735,9.6148266e-05,0.13204938,0.0032117344,0.01725939,0.016731022,1.0
6840000,0.85579246,2.0,324.6078431372549,0.24398069,0.36539814,0.7787459912151098,0.7787459912151098,1.2440042773820459,0.002418328,0.41873565,9.525322e-05,0.13175106,0.0031819292,0.016268833,0.015985806,1.0
6870000,0.9848845,2.0,367.1641791044776,0.16966042,0.3642813,0.8062857045658998,0.8062857045658998,1.2113836293374853,0.0015073376,0.41875267,9.434803e-05,0.13144934,0.0031517872,0.017367773,0.01687627,1.0
6900000,0.97583544,2.0,449.3636363636364,0.15427941,0.36410797,0.6623730599307097,0.6623730599307097,1.6261077063779037,0.0022312407,0.40788475,9.345531e-05,0.13115174,0.0031220592,0.017563336,0.0152762,1.0
6930000,0.9662057,2.0,379.47297297297297,0.1825835,0.35498428,0.7580855135854921,0.7580855135854921,1.3643784161724493,0.0018894807,0.3994425,9.2572496e-05,0.13085748,0.0030926615,0.016127827,0.011836445,1.0
6960000,0.9645357,2.0,374.8809523809524,0.17616518,0.33340976,0.7494259152883365,0.7494259152883365,1.1860750686581374,0.002011357,0.4125776,9.166858e-05,0.13055618,0.0030625612,0.015967261,0.014806127,1.0
6990000,0.96392775,2.0,380.9866666666667,0.15594617,0.3504658,0.7027380149549162,0.7027380149549162,1.585340635155813,0.0018653324,0.41587427,9.0746835e-05,0.13024892,0.003031867,0.018247645,0.017608747,1.0
7020000,0.8800304,2.0,290.99038461538464,0.22010602,0.33626145,0.8088083234098222,0.8088083234098222,0.921712147978488,0.002110045,0.42016035,8.986226e-05,0.12995407,0.0030024108,0.014525433,0.012702874,1.0
7050000,0.9985854,2.0,360.0609756097561,0.18570286,0.34559295,0.7415320348376647,0.7415320348376647,1.185963516875815,0.0017489523,0.43678504,8.8940564e-05,0.12964682,0.0029717186,0.017937208,0.027485315,1.0
7080000,0.96581805,2.0,368.9873417721519,0.15461373,0.39053282,0.7306525534353195,0.7306525534353195,1.3260549583878272,0.0016921714,0.3759149,8.802967e-05,0.12934321,0.0029413858,0.016881995,0.018605541,1.0
7110000,0.9436262,2.0,317.685393258427,0.17172922,0.3717664,0.7629904167607744,0.7629904167607744,1.0807103999652603,0.002178708,0.41238138,8.715682e-05,0.12905224,0.0029123193,0.016584154,0.025139062,1.0
7140000,0.9246585,2.0,380.93548387096774,0.17542198,0.3126542,0.7537820144148355,0.7537820144148355,1.1609173504468262,0.0018039,0.39436075,8.625071e-05,0.1287502,0.0028821456,0.015720954,0.019998955,1.0
7170000,0.9003378,2.0,289.9139784946237,0.21756102,0.3217554,0.7886202006422459,0.7886202006422459,1.0242761046739612,0.0018476166,0.4022972,8.535646e-05,0.12845214,0.0028523677,0.0154679995,0.018315997,1.0
7200000,0.8479904,2.0,309.6666666666667,0.22891785,0.28420615,0.834991256878214,0.834991256878214,0.795181968963696,0.002059365,0.45766208,8.446719e-05,0.12815571,0.0028227551,0.013228575,0.006654873,1.0
7230000,0.89801276,2.0,281.6161616161616,0.19793363,0.32813174,0.7866718665851901,0.7866718665851901,0.990740165989943,0.0020648974,0.42759544,8.354424e-05,0.12784804,0.0027920206,0.017908324,0.01993151,1.0
7260000,0.8436339,2.0,281.963963963964,0.26225308,0.29221544,0.8034447252488973,0.8034447252488973,0.8840062123653888,0.0021356007,0.42169335,8.264547e-05,0.12754844,0.0027620909,0.013944223,0.008637116,1.0
7290000,0.94718146,2.0,326.7142857142857,0.21185414,0.29167193,0.7931174877099693,0.7931174877099693,0.9714720424264669,0.001859253,0.40597916,8.176283e-05,0.12725425,0.0027327,0.013866464,0.0074348277,1.0
7320000,0.827091,2.0,285.7685950413223,0.21847123,0.29881254,0.7996347013953303,0.7996347013953303,0.8594156140259521,0.0032711725,0.44290653,8.087114e-05,0.12695703,0.002703006,0.01591559,0.013157449,1.0
7350000,0.91310334,2.0,326.51190476190476,0.14578284,0.47404504,0.8203181753104384,0.8203181753104384,1.334864784370769,0.29366595,0.39189598,7.994593e-05,0.12664862,0.0026721968,0.051773906,0.054673143,1.0
7380000,0.9501049,2.0,367.8987341772152,0.14299384,0.5926751,0.6691084249191973,0.6691084249191973,5.169908562181405,0.043956883,0.39870718,7.9038946e-05,0.12634628,0.002641994,0.03747018,0.058198407,1.0
7410000,0.93442416,2.0,397.1066666666667,0.1416774,0.4094808,0.6842518886433372,0.6842518886433372,1.5580197424934352,0.0020020134,0.4443497,7.816547e-05,0.12605512,0.002612907,0.018449573,0.016316317,1.0
7440000,0.9460423,2.0,365.3975903614458,0.11690078,0.3916044,0.7487587411887944,0.7487587411887944,1.337403809884563,0.0017183559,0.41362175,7.723848e-05,0.12574613,0.0025820385,0.016738819,0.010597124,1.0
7470000,0.78018665,2.0,277.87704918032784,0.20923813,0.36657655,0.8123675112286185,0.8123675112286185,1.0438114359067419,0.0027845164,0.42696905,7.632518e-05,0.12544169,0.0025516257,0.018471148,0.022829613,1.0
7500000,0.74661595,2.0,215.08403361344537,0.23740403,0.35064635,0.8669447062340209,0.8669447062340209,0.7381640033781286,0.0024438626,0.45715374,7.544342e-05,0.12514779,0.0025222632,0.0151957,0.013803646,1.0
7530000,0.8543577,2.0,332.52,0.1731475,0.32424796,0.7709207808469781,0.7709207808469781,0.9621586956378847,0.0022043674,0.4257031,7.456508e-05,0.124855,0.0024930148,0.014550541,0.0116193,1.0
7560000,0.84125096,2.0,317.3764705882353,0.15941244,0.3579601,0.7678795070892357,0.7678795070892357,1.1517264860182865,0.001819018,0.44746208,7.366803e-05,0.12455599,0.0024631433,0.016524296,0.01978887,1.0
7590000,0.7594422,2.0,281.0241935483871,0.19480763,0.33832204,0.7880414519307575,0.7880414519307575,0.9963270993127177,0.0029996436,0.4448919,7.274195e-05,0.1242473,0.002432304,0.017239649,0.022242267,1.0
7620000,0.87890446,2.0,339.1666666666667,0.14231512,0.54704845,0.7498105801203672,0.7498105801203672,1.874492891346488,0.006160165,0.4354682,7.185225e-05,0.123950735,0.0024026772,0.023195855,0.05054212,1.0
7650000,0.8176906,2.0,256.20535714285717,0.20569293,0.34843147,0.8299136673156012,0.8299136673156012,0.8382756211964063,0.0026556675,0.45371744,7.096573e-05,0.123655215,0.0023731564,0.015874919,0.011852203,1.0
7680000,0.9613775,2.0,337.6849315068493,0.13343091,0.3312992,0.7787999893642135,0.7787999893642135,1.0119605669751763,0.0019797946,0.42123175,7.008091e-05,0.123360276,0.0023436917,0.01478033,0.009194174,1.0
7710000,0.87301713,2.0,349.6041666666667,0.22112127,0.35328853,0.7612319502633872,0.7612319502633872,1.2703529146221495,0.0024830434,0.4373192,6.9168054e-05,0.123055995,0.0023132937,0.016797733,0.018100748,1.0
7740000,1.0071781,2.0,421.73972602739724,0.1531487,0.33456486,0.6618138761777017,0.6618138761777017,1.453365500738275,0.0019959651,0.42304662,6.825858e-05,0.12275283,0.0022830078,0.015732015,0.019634953,1.0
7770000,0.9761776,2.0,409.04285714285714,0.10939746,0.32846612,0.7147895432452658,0.7147895432452658,1.1766254638856861,0.0014859756,0.42709684,6.736145e-05,0.12245378,0.0022531338,0.015510736,0.01253084,1.0
7800000,0.9816349,2.0,404.7,0.12375765,0.33565986,0.6936140768754651,0.6936140768754651,1.397087973686801,0.0016591194,0.4162677,6.647654e-05,0.12215883,0.0022236663,0.016672384,0.015922977,1.0
7830000,0.8249549,2.0,301.1565217391304,0.20184922,0.31186342,0.7854129202214295,0.7854129202214295,1.0287478127635228,0.0022074573,0.46172643,6.557364e-05,0.12185786,0.0021935995,0.013637167,0.0059137046,1.0
7860000,0.886292,2.0,311.8863636363636,0.16519444,0.3203629,0.8154270485043525,0.8154270485043525,0.9005030140910736,0.0020033193,0.4223098,6.465763e-05,0.12155252,0.0021630966,0.017246133,0.028651867,1.0
7890000,0.9146068,2.0,394.56626506024094,0.16843669,0.33133334,0.6867511228404262,0.6867511228404262,1.4132154449841685,0.0017452876,0.44190633,6.3748485e-05,0.121249475,0.002132822,0.016506447,0.021927433,1.0
7920000,0.8554225,2.0,268.0660377358491,0.2121665,0.29762977,0.8027689216785061,0.8027689216785061,0.876320862220329,0.0016921128,0.4350094,6.287482e-05,0.12095825,0.002103729,0.01646373,0.020871531,1.0
7950000,0.9149113,2.0,310.3888888888889,0.19256781,0.3198857,0.780330673283474,0.780330673283474,1.0290433351580182,0.0018941683,0.44399625,6.1952844e-05,0.120650925,0.002073027,0.016706001,0.029232582,1.0
7980000,0.88659686,2.0,351.24444444444447,0.16333504,0.33850285,0.7256249908047417,0.7256249908047417,1.1955319614207838,0.0017481572,0.47831136,6.1057166e-05,0.12035237,0.002043201,0.015764745,0.012056181,1.0
8010000,0.9614343,2.0,410.72463768115944,0.12039283,0.6026722,0.7060424128377979,0.7060424128377979,2.5719121507735867,0.007824449,0.41073984,6.017423e-05,0.12005806,0.002013799,0.034822002,0.052494876,1.0
8040000,0.87392414,2.0,315.41052631578947,0.2029905,0.4110799,0.7728410420449157,0.7728410420449157,1.3928923908523039,0.0025776138,0.44130078,5.9264847e-05,0.11975492,0.001983517,0.01930054,0.018830093,1.0
8070000,0.9074948,2.0,368.85185185185185,0.16420768,0.3612575,0.7605535626588833,0.7605535626588833,1.252087562389317,0.0017537362,0.44510382,5.8344995e-05,0.11944831,0.0019528859,0.016576357,0.010569626,1.0
8100000,0.9752307,2.0,400.8142857142857,0.13770425,0.37434322,0.7112883926517721,0.7112883926517721,1.6483345094906248,0.0024092065,0.42907932,5.7465488e-05,0.11915513,0.0019235978,0.01920434,0.0161168,1.0
8130000,0.9120304,2.0,395.0240963855422,0.16605052,0.38573167,0.7120307620901328,0.7120307620901328,1.4473291258029162,0.0021288523,0.42249754,5.654706e-05,0.11884899,0.0018930141,0.01768501,0.01310122,1.0
8160000,0.87909186,2.0,351.4222222222222,0.18716261,0.34705886,0.7544153735532866,0.7544153735532866,1.273624964539412,0.0022165496,0.4265897,5.565484e-05,0.11855158,0.0018633032,0.016468586,0.016945459,1.0
8190000,0.8497378,2.0,288.42105263157896,0.18810388,0.35767576,0.8136783373570934,0.8136783373570934,1.0938445184447025,0.0029171703,0.43730158,5.475981e-05,0.11825323,0.0018334987,0.019145405,0.027142147,1.0
8220000,0.8855194,2.0,369.3658536585366,0.13990293,0.34865925,0.7272230640817912,0.7272230640817912,1.2134054557014353,0.0015117415,0.42258963,5.3851574e-05,0.117950514,0.0018032547,0.015189082,0.01404636,1.0
8250000,0.93594176,2.0,375.3246753246753,0.17530228,0.34449592,0.7377237374894321,0.7377237374894321,1.1585494372615357,0.0015942698,0.42648086,5.2944062e-05,0.11764799,0.0017730341,0.015996855,0.014983473,1.0
8280000,0.88190204,2.0,353.8045977011494,0.198617,0.3519035,0.7126211661188041,0.7126211661188041,1.3215084307114868,0.0017948605,0.42725658,5.2035048e-05,0.11734498,0.0017427641,0.016098706,0.015450676,1.0
8310000,0.8718213,2.0,321.2608695652174,0.18981594,0.33710614,0.7653571317320341,0.7653571317320341,0.992811666886005,0.0020413804,0.43182868,5.1136718e-05,0.117045544,0.0017128501,0.01529871,0.012656639,1.0
8340000,1.0054271,2.0,456.75,0.15332104,0.3619133,0.6268306327683311,0.6268306327683311,1.7142263042530226,0.0017253371,0.43670145,5.0224717e-05,0.116741545,0.0016824806,0.016861064,0.018535443,1.0
8370000,0.8302378,2.0,318.126213592233,0.17800751,0.3245679,0.7632971024857118,0.7632971024857118,0.942064358069239,0.0016898906,0.43710008,4.9341594e-05,0.11644717,0.0016530725,0.013702302,0.010849436,1.0
8400000,0.85586065,2.0,344.58947368421053,0.14846061,0.3575137,0.7860565120759218,0.7860565120759218,1.0790782555148168,0.0023864827,0.4397588,4.8450554e-05,0.11615015,0.0016234004,0.018785259,0.022928694,1.0
8430000,0.8643023,2.0,302.1264367816092,0.13599998,0.33713907,0.7847296619317033,0.7847296619317033,1.145338978342057,0.0022907485,0.45388553,4.7564194e-05,0.1158547,0.0015938845,0.014193625,0.015945368,1.0
8460000,0.8491365,2.0,322.1063829787234,0.1370918,0.35325077,0.7673494416278798,0.7673494416278798,1.1152150106032963,0.0025838693,0.42103797,4.66542e-05,0.11555137,0.0015635819,0.016511438,0.016094271,1.0
8490000,0.8550668,2.0,278.7920792079208,0.18009105,0.35032922,0.7931274440066487,0.7931274440066487,0.9100740532157943,0.0022199426,0.43966383,4.5729765e-05,0.11524322,0.001532798,0.016282175,0.0144652,1.0
8520000,0.845714,2.0,324.1782178217822,0.1313498,0.36495197,0.7615504764671465,0.7615504764671465,1.0431272471911337,0.002127537,0.47025105,4.485769e-05,0.11495253,0.001503758,0.016208503,0.016887527,1.0
8550000,0.9888029,2.0,414.8082191780822,0.081081174,0.33687097,0.6655130305367968,0.6655130305367968,1.2428424521821781,0.0015183637,0.416742,4.3949953e-05,0.11464995,0.0014735304,0.01442579,0.012546681,1.0
8580000,0.89398706,2.0,308.58620689655174,0.158196,0.37667897,0.7600269539470084,0.7600269539470084,1.1565388996792392,0.0025401213,0.4303101,4.3040698e-05,0.11434687,0.0014432521,0.0194947,0.020062912,1.0
8610000,0.9701521,2.0,406.7042253521127,0.1285699,0.38783807,0.6836239865422249,0.6836239865422249,1.5768795241042972,0.0020044432,0.42797536,4.2170035e-05,0.11405664,0.0014142591,0.016573714,0.01612817,1.0
8640000,1.0181379,2.0,559.9344262295082,0.09106041,0.328579,0.5493433173745871,0.5493433173745871,1.8668859692911306,0.0017621162,0.4096544,4.1265648e-05,0.1137552,0.0013841434,0.01575286,0.01649903,1.0
8670000,0.9879292,2.0,366.1666666666667,0.14577846,0.3545094,0.7435273882256795,0.7435273882256795,1.1713758210830187,0.0024899133,0.41201845,4.034145e-05,0.113447115,0.0013533672,0.015739985,0.013875728,1.0
8700000,0.9197393,2.0,346.8292682926829,0.16890636,0.37823594,0.7591662684585466,0.7591662684585466,1.2365170951193567,0.002484483,0.4062944,3.9455797e-05,0.113151915,0.001323875,0.023312649,0.027877927,1.0
8730000,0.97461796,2.0,502.3623188405797,0.10369657,0.41525194,0.6324941891690959,0.6324941891690959,2.0348169168700343,0.0025260707,0.41859472,3.8553648e-05,0.11285118,0.0012938335,0.019924175,0.02585125,1.0
8760000,0.84929264,2.0,289.803738317757,0.16961366,0.34813404,0.7754971046860402,0.7754971046860402,1.1805192551960668,0.0034351314,0.43451545,3.7661735e-05,0.11255389,0.0012641329,0.016205411,0.013231165,1.0
8790000,0.96212584,2.0,330.89230769230767,0.12493358,0.35206023,0.7433014188494002,0.7433014188494002,1.1763708738776455,0.0022432227,0.4198425,3.6780064e-05,0.11226,0.001234773,0.015399416,0.01558793,1.0
8820000,1.0047742,2.0,514.9827586206897,0.07496027,0.3495536,0.6268101618704149,0.6268101618704149,1.7798280277747218,0.0019540188,0.39889306,3.586983e-05,0.11195659,0.0012044623,0.01647554,0.014073376,1.0
8850000,0.9609169,2.0,442.2105263157895,0.1117223,0.3751899,0.6435173224409422,0.6435173224409422,1.6393122023406128,0.002436587,0.40582302,3.4967987e-05,0.111655965,0.0011744311,0.017935408,0.01789194,1.0
8880000,0.99836606,2.0,547.3333333333334,0.07216296,0.3906764,0.5210245436612975,0.5210245436612975,2.3448840832100823,0.0015377088,0.39791173,3.406782e-05,0.11135593,0.0011444555,0.019633029,0.02751413,1.0
8910000,0.91487664,2.0,307.7931034482759,0.17480944,0.35495737,0.8156670512521969,0.8156670512521969,1.0066697580904207,0.0021682896,0.40639362,3.3166983e-05,0.11105563,0.0011144575,0.01685345,0.015121074,1.0
8940000,0.743357,2.0,282.7894736842105,0.23255964,0.34166393,0.8037172839381641,0.8037172839381641,0.9941752201499403,0.0030210153,0.43870494,3.2244163e-05,0.11074803,0.0010837276,0.016322102,0.023318553,1.0
8970000,0.7776846,2.0,205.192,0.25399947,0.3023876,0.8789419288476629,0.8789419288476629,0.652948634023027,0.0024571612,0.45678598,3.134789e-05,0.11044928,0.0010538814,0.015029597,0.017140118,1.0
9000000,0.78136283,2.0,248.88333333333333,0.20884506,0.2981448,0.833684023814041,0.833684023814041,0.7007157563548848,0.0022883913,0.45714167,3.0422963e-05,0.11014096,0.0010230816,0.0139151355,0.011876113,1.0
9030000,0.76462334,2.0,247.0731707317073,0.22875033,0.3235582,0.8460690404865003,0.8460690404865003,0.7493125783290625,0.002569848,0.4355618,2.9537232e-05,0.109845705,0.0009935867,0.015486186,0.008813406,1.0
9060000,0.84329903,3.0,198.08163265306123,0.16262828,0.36011067,0.8933785609444793,0.8933785609444793,0.5835774751612917,0.0024318432,0.44439825,2.8666549e-05,0.10955549,0.0009645929,0.017200071,0.015289812,1.0
9090000,1.001244,3.0,523.3965517241379,0.07567027,0.35072124,0.5950610022044788,0.5950610022044788,1.8427498922920076,0.0015472344,0.40436614,2.7762999e-05,0.10925431,0.00093450485,0.017736994,0.027923016,1.0
9120000,0.95020735,3.0,439.6101694915254,0.08638578,0.35899493,0.6862206768629879,0.6862206768629879,1.4316446567355687,0.0015854484,0.42940086,2.6870151e-05,0.108956695,0.000904773,0.01594739,0.015742712,1.0
9150000,0.95605457,3.0,412.26153846153846,0.10228568,0.33922622,0.6599811461308728,0.6599811461308728,1.3996810553514438,0.002007975,0.3861987,2.5975056e-05,0.108658314,0.0008749663,0.016874587,0.022019506,1.0
9180000,0.9676379,3.0,544.4923076923077,0.07459726,0.36705187,0.5713753948201898,0.5713753948201898,1.8962044755119036,0.0015284637,0.4096899,2.5059026e-05,0.10835297,0.0008444624,0.016319351,0.015478728,1.0
9210000,0.89789987,3.0,337.3611111111111,0.14240979,0.31301704,0.7680453256766001,0.7680453256766001,1.1037850993374982,0.00175713,0.3952489,2.4177636e-05,0.108059175,0.00081511214,0.014266326,0.01116394,1.0
9240000,0.9242741,3.0,527.2153846153847,0.11388616,0.3554786,0.5892262147953276,0.5892262147953276,1.7556356923868421,0.0043216264,0.37463126,2.3248014e-05,0.107749306,0.0007841558,0.019461688,0.03042696,1.0
9270000,0.82775545,3.0,351.41379310344826,0.16118969,0.47393486,0.7213920337486673,0.7213920337486673,1.8642503838822118,0.004359195,0.41251725,2.2340391e-05,0.10744676,0.00075393193,0.022670487,0.025723305,1.0
9300000,0.88481104,3.0,389.0506329113924,0.17742026,0.3735301,0.7207506548861663,0.7207506548861663,1.383543123093744,0.0027188358,0.42456654,2.1444319e-05,0.107148066,0.00072409265,0.019081442,0.026968965,1.0
9330000,0.9250164,3.0,373.1621621621622,0.15287997,0.4326345,0.7458308573674273,0.7458308573674273,1.4685307664129836,0.006774218,0.4385907,2.0546442e-05,0.10684879,0.00069419347,0.02276373,0.028133564,1.0
9360000,0.9329787,3.0,423.46666666666664,0.12688774,0.61427534,0.685407989025116,0.685407989025116,2.786432230112453,0.004549957,0.43319544,1.9652649e-05,0.10655085,0.00066443003,0.02846413,0.03222469,1.0
9390000,0.9795868,3.0,579.7692307692307,0.0851425,0.38539878,0.621425987035036,0.621425987035036,2.016699094492942,0.002175928,0.43468067,1.8762816e-05,0.10625425,0.00063479866,0.016129235,0.011244733,1.0
9420000,0.96099746,3.0,468.69354838709677,0.08017713,0.36296922,0.6193822445047479,0.6193822445047479,1.6998714838297135,0.0020905894,0.40847227,1.7849341e-05,0.10594976,0.0006043799,0.016597928,0.013711086,1.0
9450000,0.99372315,3.0,583.5121951219512,0.04341051,0.35737392,0.5615185902908791,0.5615185902908791,1.8661481223480647,0.0014802236,0.37002587,1.6967682e-05,0.10565587,0.00057502073,0.016066829,0.015491765,1.0
9480000,0.9053083,3.0,507.13157894736844,0.08955415,0.37308073,0.5670249854835371,0.5670249854835371,2.009749845979968,0.00216598,0.41694477,1.605054e-05,0.10535015,0.0005444798,0.021828132,0.02629594,1.0
9510000,0.883395,3.0,446.05479452054794,0.13411988,0.3959596,0.6758888760167692,0.6758888760167692,1.7679039060086426,0.00203908,0.39890024,1.5129058e-05,0.10504299,0.0005137944,0.018162243,0.015969075,1.0
9540000,0.9242669,3.0,434.4117647058824,0.12159861,0.35840496,0.7085363496433604,0.7085363496433604,1.5302622072737326,0.0027917249,0.39540318,1.4238495e-05,0.10474613,0.00048413867,0.015562898,0.015789475,1.0
9570000,0.90579826,3.0,447.30555555555554,0.12747705,0.36180028,0.6650188324460085,0.6650188324460085,1.5662907192726498,0.0018925797,0.39920714,1.3348846e-05,0.10444958,0.00045451336,0.01735987,0.014898719,1.0
9600000,0.8942346,3.0,377.30379746835445,0.13839304,0.37815484,0.6920962823945799,0.6920962823945799,1.4532126818818074,0.0025702151,0.40779215,1.2474231e-05,0.104158044,0.0004253886,0.018717613,0.022324579,1.0
9630000,0.8866531,3.0,377.65555555555557,0.17024474,0.40160975,0.745791199524979,0.745791199524979,1.4519822053908074,0.002109772,0.41765386,1.1563369e-05,0.103854425,0.000395057,0.017844481,0.028364936,1.0
9660000,0.956078,3.0,450.34,0.094991826,0.38077953,0.6788646944013297,0.6788646944013297,1.5713076713111471,0.0015514282,0.3783886,1.0650687e-05,0.1035502,0.0003646646,0.01607851,0.009395521,1.0
9690000,0.97872794,3.0,601.9433962264151,0.074815966,0.34497434,0.4502759823948145,0.4502759823948145,2.1448069235123692,0.0015307075,0.41103044,9.741887e-06,0.103247255,0.00033440156,0.015274881,0.0076370845,1.0
9720000,0.9129633,3.0,438.972602739726,0.11576804,0.3488655,0.6709819352771673,0.6709819352771673,1.488221031937024,0.0023074984,0.39966786,8.837351e-06,0.10294575,0.00030428052,0.01648764,0.018168593,1.0
9750000,0.9375579,3.0,409.7096774193548,0.10456671,0.37365973,0.696538225035457,0.696538225035457,1.4378263879129116,0.002196976,0.43569976,7.945908e-06,0.10264861,0.0002745955,0.01929873,0.013693328,1.0
9780000,0.87737817,3.0,552.8235294117648,0.09308441,0.40097147,0.5647032627927475,0.5647032627927475,2.189356283269456,0.001993785,0.40506834,7.031457e-06,0.10234379,0.00024414423,0.01843784,0.015148648,1.0
9810000,0.9226417,3.0,397.0483870967742,0.1086356,0.36328408,0.7135953033575788,0.7135953033575788,1.3567226220911834,0.0019636676,0.4260899,6.1392793e-06,0.102046385,0.00021443477,0.015768485,0.013345241,1.0
9840000,0.87666553,3.0,388.73809523809524,0.12264635,0.36223245,0.6692651016421096,0.6692651016421096,1.3509786556810575,0.0020181525,0.43666103,5.258982e-06,0.10175296,0.00018512079,0.015684964,0.013708777,1.0
9870000,0.932258,3.0,459.93650793650795,0.09650558,0.36395922,0.6620190403172894,0.6620190403172894,1.4780924703098006,0.0018937177,0.40267187,4.3710365e-06,0.10145697,0.00015555223,0.016297087,0.011038886,1.0
9900000,0.91444397,3.0,418.81538461538463,0.09522033,0.39213252,0.7035328248765931,0.7035328248765931,1.4834831956662793,0.0045382385,0.39766937,3.4841785e-06,0.10116137,0.00012601985,0.019585151,0.023188809,1.0
9930000,0.9304125,3.0,615.8269230769231,0.0617218,0.4384417,0.5445293938996745,0.5445293938996745,2.962930096678582,0.0027950692,0.399886,2.5817958e-06,0.10086056,9.597048e-05,0.023096038,0.025420494,1.0
9960000,0.89748347,3.0,448.66153846153844,0.09764375,0.38342094,0.7062215269758151,0.7062215269758151,1.619550880904381,0.0020814587,0.41708562,1.6739164e-06,0.10055793,6.573809e-05,0.015666781,0.013867265,1.0
9990000,0.93789446,3.0,500.7313432835821,0.08039202,0.36641544,0.6298749880755649,0.6298749880755649,1.576493067872327,0.0021490203,0.38696834,7.6689514e-07,0.1002556,3.553429e-05,0.015876643,0.015674062,1.0
