Steps,Policy/Entropy,Environment/Lesson/SimplePathFinding,Environment/Episode Length,Policy/Extrinsic Value Estimate,Policy/Curiosity Value Estimate,Environment/Cumulative Reward,Policy/Extrinsic Reward,Policy/Curiosity Reward,Losses/Value Loss,Losses/Policy Loss,Policy/Learning Rate,Policy/Epsilon,Policy/Beta,Losses/Curiosity Forward Loss,Losses/Curiosity Inverse Loss,Is Training
30000,1.504933,0.0,163.31360946745562,0.35481483,1.155045,0.9186863283748212,0.9186863283748212,3.9053050757194896,0.05454634,0.45417774,0.00029951322,0.19983774,0.00998379,0.15593117,0.8398329,1.0
60000,1.3450775,0.0,198.53333333333333,0.4804976,3.2828631,0.9188292621354747,0.9188292621354747,5.626199454311433,0.07081,0.46700028,0.00029867506,0.19955836,0.009955877,0.14763442,0.43602175,1.0
90000,1.4102858,0.0,244.41666666666666,0.4517878,3.500844,0.8482983536774018,0.8482983536774018,8.402676017557988,0.4932218,0.44395307,0.00029778975,0.19926323,0.009926398,0.19370009,0.40423933,1.0
120000,1.3614106,0.0,186.24285714285713,0.47149742,3.8903122,0.901891085918587,0.901891085918587,4.251784023376975,0.10416506,0.47593755,0.0002968437,0.1989479,0.009894894,0.12496795,0.28785044,1.0
150000,1.0850705,0.0,94.92926045016077,0.5584364,4.080662,0.9523825390707878,0.9523825390707878,1.8706151911190578,0.15904506,0.49634215,0.0002959368,0.1986456,0.009864696,0.111356854,0.19063924,1.0
180000,0.9935725,1.0,77.28688524590164,0.6268642,4.7403564,0.9606281327794521,0.9606281327794521,2.6370238373185764,0.26251686,0.46791798,0.0002950466,0.19834886,0.009835051,0.13732775,0.2492918,1.0
210000,1.0269583,2.0,62.75735294117647,0.57742923,3.8584273,0.9687517614326846,0.9687517614326846,1.0840568115121463,0.026018988,0.52229553,0.00029417628,0.19805875,0.009806069,0.07354728,0.34583387,1.0
240000,1.1760422,2.0,226.34640522875816,0.35969526,2.4312112,0.8054346597194671,0.8054346597194671,3.634356552064419,0.01819001,0.5069376,0.00029325674,0.19775224,0.0097754495,0.08819358,0.37929362,1.0
270000,1.2491655,2.0,278.94117647058823,0.23110417,1.8675711,0.8077225443340984,0.8077225443340984,4.465250179463742,0.007915823,0.470784,0.00029236023,0.1974534,0.009745594,0.085144795,0.29836002,1.0
300000,1.2087425,2.0,124.63706563706563,0.4596906,1.8009144,0.923990036592858,0.923990036592858,2.3094534469889725,0.0101066055,0.5265066,0.00029145472,0.19715157,0.00971544,0.09218005,0.14868039,1.0
330000,1.2217062,2.0,148.1595744680851,0.38741925,1.8171037,0.91467219029359,0.91467219029359,2.3028010998498947,0.0082316855,0.51888484,0.000290589,0.19686298,0.009686613,0.072934225,0.1380543,1.0
360000,1.0094017,2.0,85.84050632911392,0.5561481,1.792563,0.9548320692277166,0.9548320692277166,1.151274523838903,0.008832984,0.52178395,0.0002896625,0.19655417,0.009655761,0.0697299,0.082648285,1.0
390000,1.0801058,3.0,85.7595818815331,0.57513887,1.6020415,0.9601606492639019,0.9601606492639019,1.0436994187157291,0.0055894675,0.52181965,0.00028879114,0.19626372,0.009626743,0.06658128,0.08882496,1.0
420000,1.127229,3.0,150.40284360189574,0.503913,1.6711515,0.9053388106122137,0.9053388106122137,2.1617982653373655,0.00949969,0.5007844,0.0002878246,0.19594151,0.009594559,0.063724644,0.14042614,1.0
450000,1.26708,3.0,283.43518518518516,0.31239817,2.3586664,0.8005450923068851,0.8005450923068851,20.490832703662853,4.2775273,0.42715773,0.0002869308,0.19564359,0.009564795,2.5294526,0.5343855,1.0
480000,1.2154127,3.0,132.9659090909091,0.35835493,2.3282769,0.907744864313989,0.907744864313989,1.921569401307686,0.036738332,0.4062261,0.00028602933,0.19534309,0.009534775,0.059672084,0.1698635,1.0
510000,1.194321,3.0,169.4816513761468,0.37126178,2.1733372,0.8912756998335647,0.8912756998335647,1.7446358734828846,0.045050792,0.41109613,0.00028514228,0.19504742,0.009505236,0.04967738,0.1646662,1.0
540000,1.1674418,3.0,101.87837837837837,0.55341804,2.1903417,0.9455982625950128,0.9455982625950128,0.9766766960997807,0.028805785,0.43698898,0.00028423016,0.19474338,0.009474863,0.047075927,0.11069299,1.0
570000,1.1068014,4.0,77.35511363636364,0.5887948,2.0061038,0.9583150834968969,0.9583150834968969,0.7099192807939965,0.024963204,0.46537143,0.00028332407,0.19444135,0.009444691,0.043109037,0.0841672,1.0
600000,1.1604418,4.0,98.28731343283582,0.51294106,1.9289418,0.9464762261453664,0.9464762261453664,0.8683065172917438,0.021840142,0.45060855,0.000282476,0.19415869,0.009416449,0.04187092,0.0832947,1.0
630000,1.0632774,5.0,77.2961956521739,0.5913362,2.017902,0.9560801609351871,0.9560801609351871,0.6357947282003733,0.025408747,0.44877958,0.00028155188,0.19385064,0.009385677,0.0396189,0.07067208,1.0
660000,1.1133008,5.0,117.74273858921161,0.5099677,1.6417382,0.9412654308686531,0.9412654308686531,0.9395731216058932,0.012656546,0.42967778,0.00028066026,0.1935534,0.009355986,0.039457705,0.09178549,1.0
690000,1.0467519,6.0,74.74570446735395,0.5385683,1.6069189,0.9623938363096486,0.9623938363096486,0.5279087243627195,0.015825637,0.42938575,0.00027978123,0.1932604,0.009326714,0.03515982,0.077772595,1.0
720000,1.0500323,7.0,108.4695340501792,0.5823575,1.7316068,0.9397518109746169,0.9397518109746169,1.3447075752487434,0.12039782,0.41837782,0.00027884438,0.19294812,0.009295516,0.07170086,0.15967444,1.0
750000,1.2121476,7.0,373.36764705882354,0.3701519,2.339534,0.814784712675545,0.814784712675545,6.740520969330747,0.032518603,0.41839665,0.00027795185,0.19265059,0.009265796,0.072237805,0.27001598,1.0
780000,1.2556804,7.0,727.5714285714286,0.172981,1.5283267,0.3467084919201567,0.3467084919201567,9.961126347964115,0.015392371,0.3967034,0.00027704838,0.1923495,0.009235712,0.069052964,0.19018361,1.0
810000,1.2134221,7.0,524.9318181818181,0.13127455,1.5206615,0.6799599814746115,0.6799599814746115,7.314741886158784,0.011726171,0.41080078,0.00027615138,0.19205046,0.009205841,0.057959218,0.17941771,1.0
840000,1.2019453,7.0,580.24,0.19374833,1.3806458,0.5597419862449169,0.5597419862449169,5.944963186234236,0.008077458,0.38708824,0.00027523495,0.19174495,0.009175322,0.056260627,0.2033305,1.0
870000,1.1994895,7.0,516.6086956521739,0.26606324,1.3742652,0.6312999858156495,0.6312999858156495,6.707761886246178,1.2157482,0.37869632,0.00027433276,0.19144425,0.009145277,0.120647505,0.22246228,1.0
900000,1.2428844,7.0,396.82278481012656,0.24928328,1.6033368,0.7373113868923127,0.7373113868923127,15.358758898522657,0.9606267,0.39560446,0.0002734423,0.19114745,0.009115627,0.13663675,0.19706824,1.0
930000,1.2374699,7.0,434.64,0.2513355,1.1167246,0.68138782518941,0.68138782518941,3.9205925652404896,0.005844165,0.385405,0.0002725437,0.1908479,0.009085705,0.041418876,0.13585094,1.0
960000,1.1679549,7.0,285.1818181818182,0.3365347,1.6405859,0.8281712787281169,0.8281712787281169,13.68637495420154,2.7031763,0.41637227,0.00027166813,0.19055605,0.009056547,0.16952391,0.16609557,1.0
990000,1.2494142,7.0,395.10526315789474,0.2830046,1.1642958,0.7444722108128998,0.7444722108128998,3.24959692850502,0.0060328045,0.39833805,0.00027075867,0.19025286,0.009026261,0.039132033,0.171518,1.0
1020000,1.2401006,7.0,283.0520833333333,0.23168981,0.950458,0.8103499908988573,0.8103499908988573,2.088736817411774,0.0064950776,0.3862435,0.00026984335,0.18994777,0.008995782,0.035361983,0.1329542,1.0
1050000,1.2205529,7.0,341.6842105263158,0.27819157,1.1179752,0.8085697832672546,0.8085697832672546,2.657851785343761,0.009409012,0.40355322,0.00026894285,0.18964761,0.008965796,0.04556827,0.14362513,1.0
1080000,1.2120469,7.0,312.7448979591837,0.33028415,1.1094078,0.7606231462014349,0.7606231462014349,2.648492883435009,0.006692507,0.40264228,0.00026806357,0.18935452,0.008936516,0.042389847,0.123124324,1.0
1110000,1.0659537,7.0,154.27272727272728,0.51656646,1.3188746,0.905034992347161,0.905034992347161,1.3833880355659252,0.007653175,0.42615277,0.0002671786,0.18905954,0.008907047,0.03827421,0.083109446,1.0
1140000,1.1542919,7.0,379.14864864864865,0.31515446,1.4479729,0.7371013989331017,0.7371013989331017,3.772777928957637,0.048251595,0.4112987,0.00026625468,0.18875153,0.00887628,0.06125583,0.14077073,1.0
1170000,1.0668976,7.0,266.8333333333333,0.3665488,1.3347776,0.8040443508696735,0.8040443508696735,4.371044966882389,0.39716983,0.4160281,0.0002653488,0.18844962,0.008846116,0.04820441,0.14788668,1.0
1200000,1.0502179,7.0,181.62328767123287,0.4203336,1.2198251,0.9145464223410402,0.9145464223410402,1.2564642060281974,0.010138107,0.43567672,0.0002644376,0.18814586,0.008815771,0.039520122,0.10886189,1.0
1230000,1.0373056,7.0,202.50314465408806,0.44251847,1.1952881,0.8648823844561787,0.8648823844561787,1.5923944252115563,0.008264823,0.40883973,0.00026353358,0.18784451,0.008785666,0.035205107,0.06236923,1.0
1260000,1.0264465,7.0,185.23648648648648,0.47725543,1.1180699,0.8854401278995762,0.8854401278995762,1.3460785120382512,0.008836131,0.44199196,0.00026264178,0.18754727,0.008755971,0.03422341,0.07848938,1.0
1290000,0.9562166,7.0,192.57803468208093,0.46863797,1.4589536,0.8869670531109852,0.8869670531109852,2.079680232484551,0.05743203,0.4428297,0.00026173613,0.18724537,0.008725813,0.04911475,0.12137379,1.0
1320000,1.0035292,7.0,176.6846153846154,0.42645597,1.0269779,0.8980022354968893,0.8980022354968893,0.9207323495291674,0.0064186216,0.44749972,0.0002608734,0.1869578,0.008697083,0.025176512,0.070339605,1.0
1350000,1.0530248,7.0,259.96666666666664,0.3591607,0.93373173,0.8262508258844415,0.8262508258844415,1.864837208770526,0.013587036,0.4139779,0.0002599569,0.18665232,0.008666563,0.036282174,0.07784972,1.0
1380000,0.97187227,7.0,210.09036144578315,0.4132603,1.2129064,0.8627322930264176,0.8627322930264176,1.3153289966979382,0.15811391,0.42517254,0.00025905296,0.18635099,0.008636462,0.04633026,0.13186768,1.0
1410000,0.96423113,7.0,156.47305389221557,0.4851926,1.116838,0.8877111079269334,0.8877111079269334,1.8972504663455425,0.011661887,0.4458137,0.00025813488,0.18604495,0.00860589,0.027389346,0.118871115,1.0
1440000,1.0827402,7.0,265.4824561403509,0.3486971,1.2340326,0.7903396340909304,0.7903396340909304,2.8163847044311665,0.02416178,0.43152237,0.00025725865,0.18575288,0.008576711,0.047469154,0.14235686,1.0
1470000,0.9873544,7.0,216.95,0.40698248,0.8981153,0.8746369355328524,0.8746369355328524,0.9642958835740189,0.0071117003,0.42539155,0.00025633577,0.18544526,0.008545981,0.022981199,0.099718586,1.0
1500000,0.85435736,7.0,123.43362831858407,0.576412,0.99419886,0.9152530401297237,0.9152530401297237,0.6990722250618526,0.006176062,0.46030754,0.0002554315,0.18514386,0.008515868,0.025024654,0.06592845,1.0
1530000,0.9105521,7.0,152.44502617801047,0.46502563,1.0366733,0.9123105790328097,0.9123105790328097,0.9377894600823758,0.009644371,0.44959542,0.00025454027,0.18484674,0.00848619,0.034263324,0.0923151,1.0
1560000,0.84357506,7.0,130.78604651162792,0.5061728,0.8629805,0.9090821079978155,0.9090821079978155,0.6731980191308732,0.004917047,0.4218546,0.00025367545,0.18455848,0.008457391,0.021088475,0.07578932,1.0
1590000,0.9569333,7.0,163.527950310559,0.46669236,1.0548644,0.8865727241292144,0.8865727241292144,1.2418252695013177,0.047156338,0.46039477,0.00025277474,0.18425824,0.008427398,0.038025305,0.12790081,1.0
1620000,1.0313238,7.0,250.1640625,0.36064622,0.81243694,0.8059795031659915,0.8059795031659915,1.4671871103346348,0.004346737,0.40208235,0.00025185276,0.18395092,0.008396695,0.028298121,0.11230203,1.0
1650000,0.9575043,7.0,174.28220858895705,0.4684864,0.78391826,0.8768872700857394,0.8768872700857394,1.0538109605257033,0.0040825815,0.44630948,0.00025094458,0.18364818,0.008366453,0.03135444,0.08061432,1.0
1680000,0.83756506,7.0,157.15533980582524,0.51077336,0.70891804,0.8861955413687053,0.8861955413687053,0.7429525108937645,0.003989165,0.46413022,0.0002500336,0.18334453,0.0083361175,0.020783303,0.056718793,1.0
1710000,0.7867566,7.0,141.05627705627705,0.49905947,0.72258,0.9170388142393611,0.9170388142393611,0.7214264904663659,0.0059819324,0.4561244,0.0002491342,0.18304475,0.008306167,0.02418519,0.054828312,1.0
1740000,0.8759188,7.0,164.30573248407643,0.5162722,0.64649534,0.8948274972382932,0.8948274972382932,0.7295857349294238,0.003563519,0.43327352,0.00024827095,0.18275699,0.008277422,0.021389155,0.05752397,1.0
1770000,0.8707787,7.0,171.7860962566845,0.4806603,0.74806505,0.8918735128399488,0.8918735128399488,0.9931981218223637,0.0052791666,0.4710398,0.00024735712,0.18245237,0.008246991,0.027720768,0.059327308,1.0
1800000,0.8452563,7.0,134.75242718446603,0.54670423,0.5939194,0.9236704399946876,0.9236704399946876,0.5445967983417763,0.0038649114,0.46566004,0.0002464637,0.18215457,0.00821724,0.02200905,0.056760788,1.0
1830000,0.8873536,7.0,164.1,0.5033718,0.5589981,0.8860953179193519,0.8860953179193519,0.8568037201007773,0.004216833,0.45189714,0.0002455559,0.18185197,0.008187009,0.02406096,0.07905581,1.0
1860000,0.88853216,7.0,198.8734939759036,0.51075184,0.6089081,0.8842616729036776,0.8842616729036776,1.153966271480222,0.004251799,0.5005011,0.00024465792,0.18155265,0.008157108,0.026575921,0.09169383,1.0
1890000,0.88774675,7.0,185.63030303030303,0.44877696,0.6265305,0.8887042154569224,0.8887042154569224,0.9259285383285528,0.006739916,0.43264896,0.00024377814,0.18125936,0.0081278095,0.022625018,0.07125428,1.0
1920000,0.7986508,7.0,144.981981981982,0.5077532,0.6412513,0.899962439357695,0.899962439357695,0.718824248575517,0.005260297,0.46483064,0.00024286826,0.1809561,0.008097513,0.025457386,0.05912874,1.0
1950000,0.88076156,7.0,147.38823529411764,0.53186077,0.70402235,0.9195758815635653,0.9195758815635653,0.7009535339496592,0.0063718413,0.48061556,0.00024195023,0.18065007,0.008066941,0.024079336,0.09202065,1.0
1980000,0.8507013,7.0,177.79329608938548,0.45983568,0.6285847,0.8693122058067211,0.8693122058067211,0.8861358581912205,0.0035435383,0.4495826,0.0002410457,0.18034856,0.008036819,0.02045809,0.07947324,1.0
2010000,0.763337,7.0,119.06967213114754,0.5318273,0.6701338,0.9243744932386556,0.9243744932386556,0.4335161223253499,0.0032773279,0.4784162,0.00024013488,0.18004496,0.008006489,0.017904345,0.050110668,1.0
2040000,0.7712069,7.0,135.7125,0.49977142,0.6470729,0.9107758447338464,0.9107758447338464,0.5363319473956727,0.005015723,0.4681106,0.00023923132,0.17974378,0.007976402,0.018640136,0.05570609,1.0
2070000,0.74586266,7.0,112.25384615384615,0.5948516,0.8406044,0.9325361206504329,0.9325361206504329,0.44826140858856217,0.0049246526,0.4671564,0.00023832159,0.17944053,0.0079461085,0.016924558,0.04391258,1.0
2100000,0.91324335,7.0,149.33132530120483,0.51088434,0.75672376,0.9035812830715849,0.9035812830715849,0.6446444113515535,0.003984568,0.47820044,0.00023745056,0.17915018,0.0079171,0.02084149,0.06887733,1.0
2130000,0.7926454,7.0,171.63819095477388,0.50509584,0.7496411,0.8920515280368985,0.8920515280368985,0.9728177487279992,0.024761751,0.43931246,0.000236536,0.17884532,0.007886647,0.02876672,0.048343185,1.0
2160000,0.8358347,7.0,184.7289156626506,0.46054468,1.0398219,0.8618143640324741,0.8618143640324741,4.744006920455325,1.2305763,0.43560943,0.00023565613,0.17855203,0.007857347,0.11473862,0.11331194,1.0
2190000,0.8425741,7.0,127.69791666666667,0.52289593,0.9139089,0.9192010492870683,0.9192010492870683,0.547970089561453,0.01520959,0.44707417,0.00023472174,0.17824055,0.007826232,0.023359755,0.06177199,1.0
2220000,0.8048917,7.0,172.75252525252526,0.46924984,0.68783176,0.8840726392334374,0.8840726392334374,0.5780010227836779,0.004485661,0.46386787,0.00023385181,0.17795059,0.0077972645,0.016555775,0.047078047,1.0
2250000,0.86785805,7.0,137.43814432989691,0.4812321,0.705414,0.9009466316222836,0.9009466316222836,0.6268756293397338,0.004309703,0.46849015,0.00023296484,0.17765494,0.0077677285,0.020842444,0.06979775,1.0
2280000,0.88139117,7.0,156.97894736842105,0.46770307,0.72586375,0.9054575891706956,0.9054575891706956,0.6498548087044692,0.005100188,0.41950116,0.0002320653,0.17735508,0.007737773,0.021713508,0.071957886,1.0
2310000,0.8411319,7.0,173.33689839572193,0.466721,0.70047,0.8788494499319274,0.8788494499319274,0.7970540580825637,0.0043174615,0.45597374,0.00023115175,0.17705059,0.007707352,0.018981855,0.06304936,1.0
2340000,0.85738486,7.0,162.14646464646464,0.45953852,0.63450044,0.9006756457640099,0.9006756457640099,0.5351473114651102,0.004111687,0.4554345,0.0002302441,0.17674802,0.0076771276,0.017150508,0.0570533,1.0
2370000,0.8978815,7.0,132.99447513812154,0.43011102,0.6004269,0.8842232773307139,0.8842232773307139,0.631359930470507,0.003706412,0.4391105,0.00022935352,0.17645116,0.00764747,0.021005878,0.06149527,1.0
2400000,0.8404175,7.0,142.59047619047618,0.47647277,0.6473063,0.9052394201190999,0.9052394201190999,0.61605440490306,0.0056782397,0.4564299,0.00022846926,0.17615639,0.0076180245,0.019703353,0.061200358,1.0
2430000,0.6933778,7.0,126.00363636363636,0.54971606,0.6985989,0.9260367838133658,0.9260367838133658,0.4806005140400625,0.004499039,0.46635097,0.00022755745,0.17585246,0.007587661,0.016181055,0.05078096,1.0
2460000,0.7076527,7.0,120.77777777777777,0.5358293,0.72935075,0.9343779973238706,0.9343779973238706,0.4227727989703417,0.004279257,0.48194128,0.00022666383,0.17555459,0.007557905,0.020495212,0.04526105,1.0
2490000,0.69575965,7.0,104.9589552238806,0.55385286,0.7761968,0.9291085808524,0.9291085808524,0.5181782937108247,0.0039700046,0.45702648,0.00022572327,0.17524108,0.0075265844,0.019978372,0.053585928,1.0
2520000,0.6726258,7.0,104.92193308550186,0.5703351,0.71861815,0.9409161732011639,0.9409161732011639,0.3277810832103783,0.0037684476,0.48501828,0.0002248187,0.17493956,0.007496462,0.01625797,0.040984154,1.0
2550000,0.8345258,7.0,173.79768786127167,0.45939267,0.62865645,0.8843051386731011,0.8843051386731011,0.6561320092954805,0.003544554,0.4234709,0.00022393529,0.1746451,0.0074670445,0.01921972,0.069984294,1.0
2580000,0.78474426,7.0,134.41206030150755,0.4740081,0.64480126,0.9219959385428332,0.9219959385428332,0.47982896253617885,0.0037943472,0.43962023,0.00022302826,0.17434275,0.0074368394,0.018833503,0.056527592,1.0
2610000,0.66217047,7.0,126.28787878787878,0.5737524,0.6683263,0.9339097353179803,0.9339097353179803,0.4325124496308047,0.0037068005,0.46721455,0.00022212068,0.1740402,0.007406618,0.017596329,0.02947755,1.0
2640000,0.8166933,7.0,129.23076923076923,0.47979602,0.5827487,0.9004495126710644,0.9004495126710644,0.531120813431363,0.003383108,0.4625948,0.00022127149,0.17375714,0.0073783374,0.018160792,0.0604508,1.0
2670000,0.6669708,7.0,123.9409594095941,0.55316395,0.5946226,0.9269889269257824,0.9269889269257824,0.4808081194992105,0.0038955815,0.46117598,0.0002203148,0.17343824,0.0073464816,0.021598732,0.057511922,1.0
2700000,0.7617579,7.0,134.11415525114154,0.4884846,0.6625586,0.9300114138553676,0.9300114138553676,0.5518130199413865,0.003923364,0.45593303,0.00021944252,0.17314748,0.007317435,0.02151649,0.060759835,1.0
2730000,0.690786,7.0,113.26377952755905,0.53806967,0.73711336,0.9226175759395119,0.9226175759395119,1.1494581248189206,0.20117188,0.43845335,0.00021855743,0.17285247,0.0072879614,0.044187285,0.057179753,1.0
2760000,0.7278259,7.0,129.44166666666666,0.5440952,0.6777041,0.9233242776781443,0.9233242776781443,0.4694115331496108,0.0034538656,0.4619594,0.00021764696,0.17254895,0.0072576418,0.018582994,0.08797458,1.0
2790000,0.747355,7.0,124.95714285714286,0.50435114,0.6161146,0.9234142145980591,0.9234142145980591,0.4332238862388083,0.0035513695,0.45379573,0.00021676243,0.17225412,0.0072281873,0.01559524,0.051534843,1.0
2820000,0.5927332,7.0,112.93870967741935,0.59124315,0.593207,0.9333039463840818,0.9333039463840818,0.30147111409889094,0.0033944226,0.48384815,0.00021584517,0.17194834,0.007197643,0.012987811,0.03413254,1.0
2850000,0.7292379,7.0,107.26229508196721,0.54093456,0.60000104,0.9389495981931686,0.9389495981931686,0.4214888880625367,0.0031739792,0.464128,0.00021496277,0.17165424,0.0071682585,0.018759267,0.053636458,1.0
2880000,0.7068123,7.0,121.99551569506727,0.52611023,0.6068799,0.9248318172313951,0.9248318172313951,0.4724031891821968,0.0034434004,0.4737619,0.00021404197,0.1713473,0.0071375957,0.021599408,0.085636504,1.0
2910000,0.7293409,7.0,152.78854625550662,0.50682026,0.59429955,0.896147764354412,0.896147764354412,0.5605715825555048,0.0036605657,0.42094806,0.0002131372,0.17104574,0.0071074674,0.014750813,0.038185667,1.0
2940000,0.7353401,7.0,124.45416666666667,0.53900415,0.5943601,0.9212479148991406,0.9212479148991406,0.5146164363929225,0.0071871146,0.47515336,0.00021222881,0.17074291,0.007077218,0.021903407,0.03185766,1.0
2970000,0.76729053,7.0,117.02788844621514,0.59770226,0.60043895,0.9301320273079909,0.9301320273079909,0.3515763190225698,0.0030598105,0.46969786,0.00021135961,0.17045318,0.007048274,0.0156228375,0.046707988,1.0
3000000,0.7189111,7.0,113.2,0.54266584,0.60067713,0.9300394950575438,0.9300394950575438,0.4043591717031135,0.023676818,0.46731246,0.00021043961,0.17014654,0.0070176376,0.022856522,0.050107323,1.0
3030000,0.67489135,7.0,127.17446808510638,0.526946,0.9381214,0.9287208997049048,0.9287208997049048,1.5068819077960292,0.25248545,0.41863233,0.00020954476,0.16984823,0.006987839,0.04565716,0.04389459,1.0
3060000,0.7251656,7.0,135.73394495412845,0.5321714,0.5255213,0.9099550450545385,0.9099550450545385,0.4326986132890259,0.002939198,0.4705192,0.00020866978,0.1695566,0.006958702,0.01345666,0.030748397,1.0
3090000,0.7267884,7.0,118.65652173913044,0.49487406,0.43629918,0.9232082556771195,0.9232082556771195,0.3313533481453424,0.003181234,0.47317553,0.0002077714,0.16925712,0.0069287866,0.013856203,0.050289456,1.0
3120000,0.77644783,7.0,146.76415094339623,0.51640016,0.41196555,0.9032875550777147,0.9032875550777147,0.4742698394047301,0.003275022,0.47513598,0.00020686911,0.16895637,0.006898741,0.017509962,0.049429122,1.0
3150000,0.6036123,7.0,104.14603174603175,0.5636472,0.43816462,0.9407396836176751,0.9407396836176751,0.35435316500342673,0.003040204,0.5355149,0.0002059707,0.16865689,0.006868823,0.015976397,0.050267633,1.0
3180000,0.65855014,7.0,91.33214285714286,0.60828876,0.4113152,0.9472960989050409,0.9472960989050409,0.2243364569896185,0.0019863243,0.5197832,0.00020507188,0.16835727,0.0068388926,0.011597839,0.026146615,1.0
3210000,0.7901949,7.0,115.42412451361868,0.52921623,0.38166568,0.922547409733928,0.922547409733928,0.3299147334038855,0.0023732677,0.47827023,0.00020416212,0.16805403,0.0068085976,0.014518879,0.026126623,1.0
3240000,0.56612533,7.0,106.28739002932551,0.5821867,0.36436602,0.9344402941750056,0.9344402941750056,0.34022731628102154,0.0027364988,0.48471516,0.0002032202,0.16774006,0.006777232,0.015137716,0.038178273,1.0
3270000,0.7087183,8.0,78.97628458498023,0.5686496,0.34560406,0.9593454226851463,0.9593454226851463,0.23180776442763687,0.0027181727,0.49930042,0.00020234009,0.1674467,0.006747924,0.015047342,0.052710857,1.0
3300000,0.9726909,8.0,231.66666666666666,0.372091,0.40015963,0.8325846804691864,0.8325846804691864,0.913047644754385,0.003959865,0.46007445,0.00020144042,0.16714679,0.0067179655,0.019765172,0.052217666,1.0
3330000,0.86580163,8.0,243.6209677419355,0.37133226,0.39058357,0.8273146275158335,0.8273146275158335,0.8716040883947739,0.0033524442,0.43600154,0.00020053548,0.16684513,0.0066878297,0.014521751,0.049532156,1.0
3360000,0.9032475,8.0,208.272,0.4150529,0.38426706,0.8427499976824038,0.8427499976824038,0.6483860928128706,0.0032528301,0.4135377,0.0001996729,0.16655762,0.0066591064,0.018503714,0.060353857,1.0
3390000,0.8180509,8.0,204.1123595505618,0.39644986,0.35155874,0.8645136846406829,0.8645136846406829,0.6219951314352719,0.0035335731,0.42745057,0.00019875047,0.16625015,0.006628388,0.013780076,0.048713863,1.0
3420000,0.89073974,8.0,207.56944444444446,0.41497558,0.30644143,0.8638932399351049,0.8638932399351049,0.5994440591988481,0.0035931075,0.40538242,0.00019785199,0.16595064,0.0065984693,0.01487497,0.040511984,1.0
3450000,0.93484336,8.0,231.23239436619718,0.38140813,0.38008502,0.8286248119751902,0.8286248119751902,0.9463735596841052,0.0044605252,0.42590982,0.00019693378,0.16564459,0.0065678935,0.019002903,0.042715266,1.0
3480000,0.80661714,8.0,157.14375,0.4468061,0.33359867,0.9077958530751911,0.9077958530751911,0.5194977480861683,0.0036922172,0.42424417,0.00019605175,0.16535057,0.0065385215,0.016548518,0.064481355,1.0
3510000,0.896805,8.0,246.72727272727272,0.35389358,0.3311925,0.8559888815162359,0.8559888815162359,0.6934209218662646,0.0032576802,0.40282604,0.0001951662,0.16505538,0.006509032,0.017907266,0.037354607,1.0
3540000,0.84878206,8.0,230.1145038167939,0.3251172,0.3173255,0.8286827029030126,0.8286827029030126,0.672044999964003,0.0033621225,0.41496316,0.00019427024,0.16475672,0.006479197,0.014726416,0.0594007,1.0
3570000,0.9760311,8.0,399.7738095238095,0.2599262,0.46734452,0.6883686630122633,0.6883686630122633,1.8006389661725746,0.0032037387,0.40268853,0.00019335684,0.16445228,0.006448781,0.024724092,0.08414243,1.0
3600000,0.8857771,8.0,223.43283582089552,0.37191853,0.40669614,0.8616305298193265,0.8616305298193265,0.6914608359535914,0.0031601314,0.39368507,0.00019244403,0.164148,0.006418385,0.014813471,0.06066221,1.0
3630000,0.9304794,8.0,215.4016393442623,0.40307298,0.37796804,0.8380419301890558,0.8380419301890558,0.8258026591126597,0.0032852727,0.4296255,0.0001915375,0.1638458,0.006388197,0.019667279,0.06980506,1.0
3660000,0.8545342,8.0,188.84242424242424,0.44844803,0.29160342,0.8632807172610458,0.8632807172610458,0.6402110030470662,0.0033268016,0.43820244,0.00019066522,0.16355504,0.00635915,0.016104262,0.03614196,1.0
3690000,0.9218029,8.0,271.6465517241379,0.38759628,0.38740256,0.8290879241801028,0.8290879241801028,1.1139773459310225,0.022203112,0.39159435,0.00018975708,0.16325235,0.006328909,0.022338456,0.063319534,1.0
3720000,0.95959795,8.0,348.11764705882354,0.38093972,0.3588009,0.720435626034079,0.720435626034079,1.2825854905913103,0.0033173321,0.40783092,0.00018884969,0.16294986,0.006298692,0.016742505,0.07389302,1.0
3750000,0.8911395,8.0,205.575,0.43592283,0.2881363,0.8331545416217345,0.8331545416217345,0.7685051289078623,0.0029992417,0.43401426,0.0001879532,0.16265105,0.0062688407,0.015740555,0.08954761,1.0
3780000,0.8492171,8.0,166.2883435582822,0.4646674,0.3192292,0.8888993961457721,0.8888993961457721,0.5252440542855417,0.0037594684,0.4352795,0.00018704274,0.16234754,0.00623852,0.017544977,0.059519354,1.0
3810000,0.80596507,8.0,191.16556291390728,0.4013021,0.31363764,0.8774499947597322,0.8774499947597322,0.6197722824780565,0.00320123,0.47498322,0.00018615418,0.16205136,0.006208933,0.014525672,0.057298865,1.0
3840000,0.80407053,8.0,197.67484662576686,0.4003318,0.400282,0.8790081748328868,0.8790081748328868,0.6903406329740003,0.003667846,0.40896636,0.0001852638,0.16175456,0.0061792815,0.01895495,0.06509124,1.0
3870000,0.8635082,8.0,191.52317880794703,0.38925874,0.43397272,0.8702493282655875,0.8702493282655875,0.6268548819267501,0.0051816977,0.43146077,0.0001843409,0.16144693,0.00614855,0.015804838,0.043794844,1.0
3900000,0.7631704,8.0,161.60843373493975,0.4128272,0.5439035,0.8995872782920137,0.8995872782920137,0.49027100626939124,0.0056083947,0.4096997,0.00018346039,0.16115344,0.006119229,0.014027891,0.035488036,1.0
3930000,0.79044694,8.0,205.23376623376623,0.3944286,0.54146534,0.8615713281184435,0.8615713281184435,0.6199232363825044,0.0051619657,0.4168146,0.00018256562,0.16085519,0.006089434,0.014146375,0.025538255,1.0
3960000,0.7489958,8.0,168.04268292682926,0.4181842,0.66547304,0.8866030452091519,0.8866030452091519,0.5400665450341454,0.006246538,0.4564707,0.00018163878,0.16054623,0.0060585695,0.01771111,0.041550223,1.0
3990000,0.8943848,8.0,301.14953271028037,0.32602325,0.5792987,0.7489074005710857,0.7489074005710857,0.9686572257153414,0.0048534507,0.3864746,0.00018073432,0.16024478,0.0060284515,0.013274485,0.04400104,1.0
4020000,0.8941125,8.0,267.92561983471074,0.29241303,0.55251503,0.7968767171982547,0.7968767171982547,1.1268236980099102,0.005192176,0.4262128,0.0001798199,0.15993993,0.005998001,0.020535115,0.05393598,1.0
4050000,0.8888538,8.0,243.12765957446808,0.3512007,0.4888328,0.8434175208364565,0.8434175208364565,0.6905083299048015,0.0035994316,0.4277089,0.00017893864,0.1596462,0.005968655,0.013758493,0.028740942,1.0
4080000,0.7798818,8.0,228.6689189189189,0.34285802,0.39985254,0.8107884299694276,0.8107884299694276,0.7070688089216445,0.003241114,0.40050128,0.00017804388,0.15934792,0.0059388587,0.014129917,0.036119424,1.0
4110000,0.820313,8.0,207.35714285714286,0.38089302,0.35540727,0.8496305519818432,0.8496305519818432,0.5231633838395484,0.0032771616,0.39390486,0.00017716002,0.15905331,0.005909427,0.012504104,0.04353703,1.0
4140000,0.817981,8.0,221.74834437086093,0.41342723,0.40031797,0.855228772159103,0.855228772159103,0.5602224249520051,0.0035853114,0.43434942,0.00017622732,0.15874243,0.005878368,0.013997368,0.044109974,1.0
4170000,0.7772313,8.0,173.65584415584416,0.4681185,0.36752903,0.8736029921356075,0.8736029921356075,0.4656538420696994,0.0035284096,0.43173414,0.00017535292,0.15845095,0.0058492506,0.013152178,0.028373023,1.0
4200000,0.8469446,8.0,219.25899280575538,0.37467274,0.39544657,0.8691294074935072,0.8691294074935072,0.6756766801426077,0.0033937807,0.42568952,0.00017447553,0.1581585,0.005820033,0.015323911,0.04597582,1.0
4230000,0.7286739,8.0,160.07177033492823,0.4618059,0.37411603,0.8837370699135269,0.8837370699135269,0.4466121484684508,0.004339126,0.46014866,0.00017355903,0.15785299,0.005789514,0.013726419,0.055891976,1.0
4260000,0.7991253,8.0,175.04285714285714,0.3900064,0.39605615,0.8792489608813976,0.8792489608813976,0.4902534041682194,0.0031677273,0.43447897,0.00017267188,0.15755726,0.005759972,0.012419148,0.060699075,1.0
4290000,0.78895026,8.0,172.16571428571427,0.45525184,0.41760293,0.8802474247132028,0.8802474247132028,0.4826486229470798,0.0037995726,0.44012234,0.00017176021,0.15725338,0.005729613,0.01795533,0.062602766,1.0
4320000,0.8552324,8.0,252.00763358778627,0.38763976,0.37298548,0.8400629853287082,0.8400629853287082,0.5619935967783466,0.0036758548,0.40062034,0.00017087246,0.15695743,0.0057000504,0.011841377,0.051781796,1.0
4350000,0.7897213,8.0,152.43548387096774,0.48049226,0.4903477,0.8838863361402939,0.8838863361402939,0.47723583411934273,0.0040514558,0.42396298,0.00016995012,0.15664999,0.0056693354,0.014646609,0.054376077,1.0
4380000,0.9137843,8.0,228.2037037037037,0.35216862,0.40475568,0.8324982854418266,0.8324982854418266,0.6236786243016235,0.002534202,0.38553128,0.00016905474,0.15635155,0.0056395205,0.014397113,0.05016319,1.0
4410000,0.8674348,8.0,255.5034965034965,0.38112807,0.46664605,0.8125861246872993,0.8125861246872993,0.8348129792070954,0.0038763992,0.4246713,0.0001681389,0.15604626,0.0056090234,0.0161346,0.06574168,1.0
4440000,0.7043149,8.0,143.58549222797927,0.45327604,0.67086536,0.9070948934448617,0.9070948934448617,0.49628953877076204,0.6594124,0.42122114,0.00016723182,0.15574391,0.0055788173,0.06161936,0.056438256,1.0
4470000,0.83221215,8.0,229.39837398373984,0.38173014,0.6495321,0.8592450776305355,0.8592450776305355,4.983143587169222,0.122483194,0.41086817,0.00016634654,0.15544882,0.005549338,0.024265692,0.04358556,1.0
4500000,0.7885146,8.0,211.83766233766235,0.3651698,0.3755521,0.8360052212001452,0.8360052212001452,0.5611367811801923,0.0040874286,0.3855451,0.00016545267,0.15515088,0.005519572,0.013598025,0.05460002,1.0
4530000,0.7810119,8.0,184.01923076923077,0.39553282,0.75951636,0.870995618426241,0.870995618426241,0.8736973669496365,0.07634638,0.38848084,0.0001645667,0.15485553,0.0054900674,0.026123548,0.0774695,1.0
4560000,0.795277,8.0,204.43037974683546,0.38265443,0.72654176,0.8451677358438892,0.8451677358438892,1.7694083394302476,0.39431804,0.42387506,0.00016365467,0.15455154,0.005459698,0.027484039,0.073091365,1.0
4590000,0.7798607,8.0,175.10588235294117,0.4362161,0.363572,0.9040824537388763,0.9040824537388763,0.48013921042806224,0.0038884357,0.44253078,0.0001627341,0.15424469,0.0054290444,0.014493746,0.0344397,1.0
4620000,0.85139316,8.0,187.03973509933775,0.4316307,0.38222015,0.8735463517588495,0.8735463517588495,0.546013619590378,0.003343494,0.44603136,0.00016184433,0.15394808,0.005399415,0.013777298,0.06650166,1.0
4650000,0.8574095,8.0,254.51181102362204,0.36168733,0.33981547,0.7911565550221283,0.7911565550221283,0.7714991500585905,0.002919668,0.39910725,0.00016093298,0.15364431,0.0053690663,0.013734066,0.049957417,1.0
4680000,0.8929095,8.0,229.57522123893804,0.36188158,0.31181645,0.8654915180246708,0.8654915180246708,0.5474974650039212,0.0033019786,0.39474317,0.0001600502,0.15335004,0.00533967,0.013254695,0.051377703,1.0
4710000,0.80738956,8.0,185.43636363636364,0.43835315,0.29551068,0.8530976288461474,0.8530976288461474,0.4986095305741627,0.00321809,0.43820322,0.00015916434,0.15305477,0.0053101704,0.012902672,0.056480084,1.0
4740000,0.8272812,8.0,236.39333333333335,0.39022607,0.31295675,0.8237666611077515,0.8237666611077515,0.6886995085878364,0.0036743598,0.4098341,0.00015825276,0.15275088,0.0052798144,0.014391792,0.029593745,1.0
4770000,0.84776676,8.0,136.66451612903225,0.42926428,0.3056264,0.9110911927133236,0.9110911927133236,0.40064266365630635,0.0037172846,0.4353449,0.00015735604,0.15245199,0.0052499543,0.015247032,0.053465776,1.0
4800000,0.814649,8.0,205.82758620689654,0.43576688,0.3285113,0.8536362048966446,0.8536362048966446,0.631643876126946,0.0037835834,0.43366325,0.00015644474,0.15214825,0.005219608,0.014926671,0.04382318,1.0
4830000,0.8641795,8.0,174.76470588235293,0.4011808,0.36364403,0.8749335487618258,0.8749335487618258,0.6190987118936487,0.0036809866,0.44604734,0.00015554039,0.15184678,0.0051894933,0.015363069,0.04192047,1.0
4860000,0.82550937,8.0,210.71428571428572,0.3906429,0.3644874,0.8570115338915434,0.8570115338915434,0.5249757502789203,0.0028978393,0.43082586,0.00015464076,0.1515469,0.0051595345,0.012558699,0.05237354,1.0
4890000,0.878603,8.0,199.81690140845072,0.39952812,0.35875008,0.8495778534029211,0.8495778534029211,0.5476081368114267,0.0030554465,0.41472396,0.00015372426,0.1512414,0.0051290155,0.013695279,0.054596182,1.0
4920000,0.7793828,8.0,164.4240837696335,0.46609807,0.35760885,0.8713336771865583,0.8713336771865583,0.45658698549175664,0.0034052692,0.442003,0.00015285423,0.1509514,0.0051000444,0.012616484,0.036444344,1.0
4950000,0.84211665,8.0,181.65269461077844,0.4740079,0.32349277,0.8740357554771684,0.8740357554771684,0.4264444231761224,0.0029804122,0.43929508,0.00015196542,0.15065514,0.005070447,0.011785601,0.05207885,1.0
4980000,0.7773932,8.0,174.7987012987013,0.40657994,0.62998426,0.886848733819361,0.886848733819361,0.6010509434309376,0.033061154,0.4105256,0.00015107212,0.15035734,0.0050406987,0.02389115,0.04183776,1.0
5010000,0.6808654,8.0,138.74761904761905,0.48752034,0.3766876,0.9171260640696044,0.9171260640696044,0.6172475172272968,0.010683013,0.4544435,0.00015018063,0.15006018,0.005011013,0.011906433,0.028310224,1.0
5040000,0.7727165,8.0,196.825,0.42782524,0.53580886,0.8567166638871034,0.8567166638871034,0.748765870075052,0.01990953,0.44023317,0.00014925214,0.14975071,0.004980094,0.023361975,0.050909396,1.0
5070000,0.82428265,8.0,210.23333333333332,0.3833958,0.45276934,0.8465860867934512,0.8465860867934512,1.1804741887338706,0.006897103,0.43172842,0.00014834701,0.14944898,0.0049499534,0.02165473,0.044415988,1.0
5100000,0.78378457,8.0,149.54787234042553,0.4802998,0.3428066,0.9077010894489419,0.9077010894489419,0.4123197289048872,0.0031157446,0.46570548,0.000147439,0.14914632,0.0049197166,0.012420893,0.048480827,1.0
5130000,0.7235694,8.0,173.03468208092485,0.4502198,0.2773823,0.8866859497816375,0.8866859497816375,0.34809450937560604,0.0032391523,0.41684714,0.00014654618,0.1488487,0.004889986,0.009927766,0.025937116,1.0
5160000,0.7250571,8.0,138.8855421686747,0.43878955,0.22887409,0.9061451772654272,0.9061451772654272,0.27852828023080006,0.0030056085,0.43054736,0.00014565614,0.14855203,0.004860348,0.00963371,0.022575613,1.0
5190000,0.7937206,8.0,248.3,0.36050767,0.25935495,0.8108848889204238,0.8108848889204238,0.6204294757046502,0.005121114,0.44145897,0.00014475179,0.14825058,0.004830233,0.017290255,0.040550537,1.0
5220000,0.8355243,8.0,229.26315789473685,0.3909536,0.33667165,0.827010520026648,0.827010520026648,0.7872298996671474,0.0031397801,0.41138265,0.00014385601,0.147952,0.004800403,0.013175038,0.053893838,1.0
5250000,0.8219454,8.0,230.5076923076923,0.3741553,0.2962864,0.8058923005771178,0.8058923005771178,0.7023203570574809,0.0030805452,0.41420534,0.00014295444,0.14765145,0.004770381,0.013851131,0.042683724,1.0
5280000,0.8967194,8.0,263.9117647058824,0.33623847,0.44132063,0.8039580889400981,0.8039580889400981,1.1532857613371952,0.0036629476,0.4269362,0.00014206779,0.14735591,0.0047408557,0.019170318,0.09230554,1.0
5310000,0.90065587,8.0,324.2019230769231,0.30087018,0.345438,0.7801646377251605,0.7801646377251605,0.8433476143958744,0.0023903248,0.42318398,0.00014115838,0.14705278,0.0047105714,0.011795548,0.051667552,1.0
5340000,0.82895553,8.0,188.26896551724138,0.40474612,0.3446924,0.8534662141590506,0.8534662141590506,0.529299471483289,0.0039834552,0.4210826,0.0001402463,0.14674874,0.004680199,0.012063906,0.029113289,1.0
5370000,0.8010565,8.0,215.3525179856115,0.35790217,0.5967582,0.8418294913905988,0.8418294913905988,0.6547825343826478,0.029169196,0.4010783,0.00013936077,0.14645357,0.0046507115,0.030748904,0.030278262,1.0
5400000,0.7261667,8.0,209.91358024691357,0.38072124,0.5173654,0.8523030839860439,0.8523030839860439,1.136587876955875,0.0067966282,0.42532805,0.00013847578,0.14615859,0.0046212417,0.017472915,0.041718066,1.0
5430000,0.80522,8.0,160.60759493670886,0.4425948,0.4548091,0.8864339715204178,0.8864339715204178,0.34434481113193893,0.003164522,0.4437582,0.00013756324,0.1458544,0.004590854,0.010235738,0.022965407,1.0
5460000,0.68369824,8.0,193.4131736526946,0.43564677,0.41643122,0.8671847019125434,0.8671847019125434,0.3930681186015992,0.0037774553,0.40954736,0.0001366654,0.14555511,0.0045609563,0.010494315,0.017197704,1.0
5490000,0.726471,8.0,176.72988505747125,0.45967528,0.41073683,0.8772754371166229,0.8772754371166229,0.39666488718742515,0.0033831086,0.444069,0.00013575201,0.14525065,0.0045305393,0.012133287,0.030031899,1.0
5520000,0.6550791,8.0,161.25974025974025,0.43690842,0.4169877,0.8782701850955531,0.8782701850955531,0.4165685338992047,0.0034485837,0.4367043,0.0001348781,0.14495936,0.0045014387,0.010691092,0.023800334,1.0
5550000,0.68052435,8.0,320.3363636363636,0.37185115,0.32189485,0.7719140108500686,0.7719140108500686,0.7380825836803312,0.002993318,0.43511882,0.00013394913,0.1446497,0.004470504,0.01410848,0.03038716,1.0
5580000,0.6131169,8.0,439.8510638297872,0.2686448,0.42803475,0.7283759925514459,0.7283759925514459,1.814393163099885,0.007894182,0.40107974,0.00013306754,0.14435585,0.004441147,0.015920034,0.03901231,1.0
5610000,0.82044905,8.0,382.3191489361702,0.26497155,0.52562255,0.6816648836148546,0.6816648836148546,1.4047945034987432,0.0072177895,0.39022812,0.00013216767,0.14405586,0.004411181,0.020042377,0.05189099,1.0
5640000,0.88729274,8.0,242.98518518518517,0.37548864,0.41582918,0.8369921795092523,0.8369921795092523,0.7220289796860015,0.0034129585,0.40755805,0.00013125231,0.14375074,0.0043807,0.011241336,0.032802533,1.0
5670000,0.9303259,8.0,290.45054945054943,0.33262038,0.35271233,0.8023872277204026,0.8023872277204026,0.7197242682363759,0.0025934489,0.3902909,0.00013032484,0.14344159,0.0043498147,0.013087746,0.035058703,1.0
5700000,0.803619,8.0,198.77272727272728,0.41849378,0.3360721,0.8550473960092315,0.8550473960092315,0.5109070823951201,0.0035202499,0.4193055,0.00012947066,0.14315686,0.0043213707,0.011241906,0.021673268,1.0
5730000,0.7001034,8.0,156.5296803652968,0.50020576,0.29116166,0.8890854447310519,0.8890854447310519,0.364049273238631,0.0034568168,0.45739737,0.00012855613,0.14285202,0.004290917,0.01204619,0.01643747,1.0
5760000,0.77963144,8.0,227.7829457364341,0.43599895,0.2739775,0.8774992260222252,0.8774992260222252,0.43310408325006183,0.00315986,0.42680877,0.00012761464,0.14253819,0.004259565,0.010721008,0.013831501,1.0
5790000,0.6531381,8.0,137.77064220183487,0.5283618,0.25760704,0.8957130582415843,0.8957130582415843,0.3270464597840433,0.0034914978,0.4565763,0.00012677009,0.14225668,0.004231441,0.010441848,0.022582522,1.0
5820000,0.83369005,8.0,300.25,0.3691706,0.37906772,0.7938432948491008,0.7938432948491008,1.1851544880797875,0.02228048,0.43022153,0.00012587434,0.14195809,0.004201613,0.01769907,0.031480912,1.0
5850000,0.72031,8.0,141.66321243523316,0.45647043,0.28130203,0.8871234336014217,0.8871234336014217,0.34386819156740484,0.0038688497,0.43799663,0.00012496239,0.1416541,0.004171245,0.009732014,0.018828068,1.0
5880000,0.8749053,8.0,269.21590909090907,0.33310056,0.2499431,0.7964542449471799,0.7964542449471799,0.5009926021634106,0.0027909218,0.39447737,0.00012406212,0.14135401,0.004141267,0.009731148,0.025650272,1.0
5910000,0.70968616,8.0,197.3850267379679,0.3960311,0.25048155,0.8611741738168748,0.8611741738168748,0.5275938432039387,0.0038775413,0.44070223,0.00012313857,0.14104615,0.004110512,0.013055446,0.041145854,1.0
5940000,0.6790759,8.0,158.1988950276243,0.44651973,0.33097523,0.9032312142391684,0.9032312142391684,0.36448584771444087,0.004817354,0.46585217,0.00012224882,0.14074957,0.0040808837,0.010492268,0.023016933,1.0
5970000,0.7001695,8.0,157.6577540106952,0.4521014,0.4622868,0.8846799976295895,0.8846799976295895,0.33577859154385,0.006389863,0.4330179,0.00012135038,0.14045009,0.004050965,0.0107036475,0.028455999,1.0
6000000,0.63479143,8.0,155.97630331753555,0.49184817,0.51001394,0.897995711827562,0.897995711827562,0.3232170328586584,0.009599173,0.42647752,0.000120429635,0.14014319,0.004020305,0.0100913625,0.022768537,1.0
6030000,0.73458344,8.0,165.5310734463277,0.47314557,0.65671074,0.8898369300771843,0.8898369300771843,0.2930328002919189,0.012069714,0.414336,0.00011954953,0.13984983,0.0039909966,0.008689007,0.026227692,1.0
6060000,0.7182186,8.0,161.63905325443787,0.50381863,0.8530951,0.890905775905,0.890905775905,0.34732579049045986,0.0116836,0.3823541,0.00011863768,0.13954587,0.0039606323,0.010970729,0.029287603,1.0
6090000,0.65086937,8.0,168.58549222797927,0.52162397,0.7079881,0.8872494710511283,0.8872494710511283,0.27962190453208197,0.0073477495,0.43404108,0.00011773104,0.13924365,0.003930441,0.007751311,0.01059803,1.0
6120000,0.6422051,8.0,166.86206896551724,0.45882577,0.7288644,0.9008067377916212,0.9008067377916212,0.34210977051930314,0.007950967,0.4498011,0.00011685422,0.13895139,0.0039012437,0.011470506,0.0298098,1.0
6150000,0.6753335,8.0,148.33695652173913,0.4303296,0.77240694,0.8816624284613856,0.8816624284613856,0.3589447233825922,0.0073829056,0.4476294,0.00011596182,0.13865392,0.0038715266,0.011568826,0.035511617,1.0
6180000,0.63200057,8.0,154.95833333333334,0.45979202,0.7717458,0.9033227896967599,0.9033227896967599,0.2770351418575575,0.007229881,0.44223502,0.00011503759,0.13834585,0.0038407494,0.008883945,0.02001459,1.0
6210000,0.6778203,8.0,160.7816091954023,0.45276797,0.80968267,0.8908907458444552,0.8908907458444552,0.49876088958039794,0.01778149,0.4100182,0.000114155286,0.13805173,0.003811369,0.013372819,0.03176656,1.0
6240000,0.73654705,8.0,177.41558441558442,0.43619856,0.65343475,0.893078478736968,0.893078478736968,0.3351888720158346,0.0064939023,0.41707128,0.000113246264,0.13774873,0.0037810982,0.008876957,0.022153648,1.0
6270000,0.657347,8.0,166.76404494382024,0.4593295,0.5687623,0.8819676105525683,0.8819676105525683,0.28099240008635784,0.004606316,0.45106348,0.00011234062,0.13744685,0.0037509406,0.008239469,0.015004074,1.0
6300000,0.6692901,8.0,178.90116279069767,0.44833142,0.4296295,0.867699435085393,0.867699435085393,0.30455262583858345,0.003903367,0.42543146,0.00011145247,0.1371508,0.003721365,0.008543465,0.020021336,1.0
6330000,0.64757365,8.0,170.42328042328043,0.464836,0.3639689,0.8883946781304288,0.8883946781304288,0.28780211086206614,0.004181438,0.42078027,0.000110566274,0.1368554,0.0036918547,0.008639886,0.015315968,1.0
6360000,0.76591843,8.0,179.92546583850933,0.44401062,0.3758961,0.8799536399888677,0.8799536399888677,0.3065391277635334,0.0035323952,0.42827955,0.00010965974,0.13655321,0.0036616665,0.009128416,0.025073364,1.0
6390000,0.6225666,8.0,119.90178571428571,0.5046524,0.4211225,0.9234538436827496,0.9234538436827496,0.28734778279128176,0.0035751262,0.4809851,0.00010875647,0.13625214,0.003631588,0.010953604,0.03358743,1.0
6420000,0.7524282,8.0,215.87074829931973,0.4070631,0.35290983,0.8502842434363006,0.8502842434363006,0.3925716396331889,0.0030544926,0.43897322,0.000107862485,0.13595414,0.003601819,0.009883282,0.025023833,1.0
6450000,0.6704429,8.0,142.6952380952381,0.46857733,0.38815406,0.893919509431211,0.893919509431211,0.3191740097682469,0.0038167448,0.44376406,0.00010696706,0.13565566,0.003572001,0.010980455,0.03336062,1.0
6480000,0.6810921,8.0,149.0612244897959,0.44520092,0.5864151,0.9041304085595706,0.9041304085595706,1.5608069338372514,0.23859861,0.43093765,0.000106023705,0.1353412,0.003540587,0.050007362,0.062481977,1.0
6510000,0.6924414,8.0,159.17224880382776,0.47616082,0.4880574,0.893173111180933,0.893173111180933,1.3808068463903904,0.52864724,0.42493883,0.00010514497,0.1350483,0.0035113255,0.028310241,0.044218555,1.0
6540000,0.7141986,8.0,165.67484662576686,0.46569794,0.3332983,0.9134899948257953,0.9134899948257953,0.315786711628607,0.004135932,0.45967516,0.00010423582,0.13474526,0.0034810503,0.009220016,0.026323814,1.0
6570000,0.71084714,8.0,188.35928143712576,0.4098725,0.3133709,0.864249702259811,0.864249702259811,0.34773776885013136,0.0041899285,0.46086383,0.00010335392,0.13445129,0.0034516833,0.009053863,0.023607505,1.0
6600000,0.6298908,8.0,127.7177033492823,0.44593364,0.33696064,0.9110366653473604,0.9110366653473604,0.25700216502660794,0.0049964115,0.4372935,0.00010244992,0.13414994,0.0034215802,0.009104111,0.02646912,1.0
6630000,0.74298614,8.0,191.88372093023256,0.43167746,0.34770015,0.8734285713927377,0.8734285713927377,0.3746143949323423,0.0037339777,0.42579708,0.00010155122,0.13385037,0.0033916533,0.010980182,0.028813979,1.0
6660000,0.70933825,8.0,148.8876404494382,0.41200176,0.3292571,0.8754861074189345,0.8754861074189345,0.3429041126794699,0.0038303693,0.47115797,0.0001006493,0.13354973,0.0033616188,0.009011155,0.02378283,1.0
6690000,0.7387734,8.0,186.75776397515529,0.39240345,0.3749755,0.8827235973584726,0.8827235973584726,0.3359494703179746,0.0041084127,0.43037865,9.973028e-05,0.13324341,0.003331016,0.011630271,0.044445377,1.0
6720000,0.6725166,8.0,180.96216216216217,0.41020808,0.42256516,0.871778606651301,0.871778606651301,0.510847513713341,0.004537703,0.42863154,9.885047e-05,0.13295013,0.0033017185,0.011424576,0.03581103,1.0
6750000,0.63341564,8.0,119.9375,0.51514345,0.37953836,0.9201798341217845,0.9201798341217845,0.23452256228621482,0.004220472,0.44461235,9.7966455e-05,0.13265547,0.00327228,0.009354623,0.030786237,1.0
6780000,0.61694765,8.0,108.73151750972762,0.5277377,0.35849616,0.9292240948023567,0.9292240948023567,0.21327857762116034,0.00330205,0.4680395,9.706068e-05,0.13235353,0.003242118,0.009791498,0.029225195,1.0
6810000,0.6288326,8.0,141.37387387387386,0.52643186,0.34214038,0.9057272700084882,0.9057272700084882,0.29792285547062586,0.00318871,0.48718235,9.613177e-05,0.1320439,0.0032111853,0.009689142,0.025469512,1.0
6840000,0.5748062,8.0,129.58267716535434,0.52060443,0.44341573,0.9190567436790655,0.9190567436790655,0.27762225409600116,0.00374493,0.45964763,9.5222575e-05,0.13174084,0.0031809094,0.010085198,0.02960146,1.0
6870000,0.738143,8.0,148.14204545454547,0.511486,0.44884202,0.9113142039280772,0.9113142039280772,0.264979293610636,0.0033988978,0.45054325,9.4338466e-05,0.13144614,0.0031514685,0.010069067,0.031568393,1.0
6900000,0.6819798,8.0,141.14572864321607,0.4692994,0.4077432,0.9001671627015617,0.9001671627015617,0.28831415595046583,0.003726605,0.4265982,9.345914e-05,0.13115302,0.003122187,0.008903359,0.030696146,1.0
6930000,0.6482621,8.0,178.49740932642487,0.44262323,0.32985952,0.8675015659622497,0.8675015659622497,0.29428031336009036,0.0038556221,0.43486252,9.254711e-05,0.13084902,0.0030918166,0.007883552,0.019244669,1.0
6960000,0.6139335,8.0,126.7713004484305,0.48770198,0.3046433,0.9240471096999116,0.9240471096999116,0.2456317396917277,0.0036272262,0.42272717,9.165773e-05,0.13055255,0.0030622003,0.009742525,0.02467377,1.0
6990000,0.6415921,8.0,135.71748878923768,0.51017916,0.34145406,0.9193973650077456,0.9193973650077456,0.3332253867496579,0.003951105,0.47912675,9.07699e-05,0.13025662,0.0030326352,0.012344868,0.03531156,1.0
7020000,0.58161336,8.0,131.6872427983539,0.5222803,0.29349995,0.9201004192233085,0.9201004192233085,0.2565311862373764,0.0036703453,0.48348504,8.9859e-05,0.12995297,0.003002302,0.008887789,0.02599134,1.0
7050000,0.54828405,8.0,100.55252918287938,0.5621732,0.32908627,0.9507338385108306,0.9507338385108306,0.19345374763394377,0.003734989,0.47598666,8.8958426e-05,0.12965277,0.0029723134,0.0094276,0.030121027,1.0
7080000,0.5937569,8.0,145.42857142857142,0.46137923,0.29416123,0.9038261668843643,0.9038261668843643,0.2617051526425389,0.003425245,0.44439423,8.806657e-05,0.12935549,0.002942614,0.008784112,0.019839685,1.0
7110000,0.57296723,8.0,122.44351464435147,0.5167936,0.32123896,0.9270847442291551,0.9270847442291551,0.2355466878349435,0.0039961953,0.4728857,8.716736e-05,0.12905575,0.0029126706,0.009646227,0.018252011,1.0
7140000,0.5757393,8.0,122.15151515151516,0.5249608,0.29659784,0.9246952572259409,0.9246952572259409,0.2705910788399392,0.0044984566,0.4792145,8.62635e-05,0.12875447,0.0028825724,0.010008749,0.020002427,1.0
7170000,0.66944194,8.0,182.01136363636363,0.41688663,0.31260386,0.875288299540853,0.875288299540853,0.3881466394203187,0.0037736807,0.44656366,8.535219e-05,0.1284507,0.0028522252,0.010697159,0.028241783,1.0
7200000,0.6285284,8.0,119.67015706806282,0.4848344,0.31930965,0.9277119969576597,0.9277119969576597,0.20731908204033972,0.0032145476,0.45036036,8.4452986e-05,0.12815097,0.0028222813,0.0076181833,0.014982243,1.0
7230000,0.60963196,8.0,176.57746478873239,0.47803608,0.3101062,0.8574177835924695,0.8574177835924695,0.30407598828270027,0.003714181,0.42428398,8.35408e-05,0.12784691,0.0027919058,0.009216334,0.025001343,1.0
7260000,0.6143554,8.0,124.97142857142858,0.485668,0.30397227,0.9238818163435425,0.9238818163435425,0.2126702765920801,0.0033097726,0.4381214,8.264563e-05,0.1275485,0.0027620965,0.0084737325,0.018061217,1.0
7290000,0.5087013,8.0,117.32083333333334,0.5009037,0.28674912,0.9256390013357169,0.9256390013357169,0.19262039727295643,0.0038909188,0.4704214,8.174168e-05,0.1272472,0.0027319954,0.007852849,0.011462936,1.0
7320000,0.5987697,8.0,167.05945945945945,0.45517972,0.2918178,0.8913202118128538,0.8913202118128538,0.29186091617126253,0.003570043,0.4331482,8.0849044e-05,0.12694965,0.0027022706,0.010486787,0.025910635,1.0
7350000,0.7331226,8.0,192.0258064516129,0.40076452,0.30336848,0.8354766196631765,0.8354766196631765,0.3901047661368336,0.0034628455,0.4153433,7.9954036e-05,0.12665132,0.0026724671,0.008867726,0.031062532,1.0
7380000,0.75063133,8.0,169.63313609467457,0.45748505,0.31997955,0.8728760443850906,0.8728760443850906,0.37810015843478506,0.0035988358,0.4541557,7.904107e-05,0.126347,0.002642065,0.010170759,0.031616673,1.0
7410000,0.70243555,8.0,158.955,0.4683721,0.33385846,0.8871185336534569,0.8871185336534569,0.3596525839734368,0.0038994555,0.44562107,7.814203e-05,0.12604731,0.0026121272,0.010894724,0.052666195,1.0
7440000,0.5442332,8.0,132.36909871244634,0.48013797,0.31160432,0.9294052375521201,0.9294052375521201,0.21293873283361373,0.004139231,0.42470977,7.726004e-05,0.12575333,0.0025827568,0.008270937,0.016811091,1.0
7470000,0.63439524,8.0,147.40096618357487,0.4607106,0.30265582,0.8916175587148201,0.8916175587148201,0.3432973017143767,0.0038472973,0.42746183,7.634809e-05,0.12544933,0.002552389,0.012099992,0.047257543,1.0
7500000,0.6827411,8.0,145.2944162436548,0.51840097,0.3194464,0.9182995032187146,0.9182995032187146,0.3862942920785655,0.0064273747,0.4585049,7.543781e-05,0.12514593,0.0025220767,0.010376484,0.030998733,1.0
7530000,0.73137176,8.0,175.4792899408284,0.4222348,0.25358027,0.8752843348915318,0.8752843348915318,0.3968863828550934,0.0032545049,0.45667806,7.4554286e-05,0.124851406,0.0024926548,0.009664863,0.045025222,1.0
7560000,0.49237832,8.0,112.33216783216783,0.52580017,0.23842108,0.9290809170359436,0.9290809170359436,0.19871283048112273,0.003908192,0.4451781,7.363977e-05,0.12454657,0.0024622018,0.009176505,0.020190513,1.0
7590000,0.5049869,8.0,113.67578125,0.51639646,0.23720996,0.9363318163280686,0.9363318163280686,0.20210030412823526,0.013928357,0.44292188,7.275781e-05,0.12425258,0.0024328325,0.008922868,0.015965119,1.0
7620000,0.65947676,8.0,144.15135135135134,0.4742981,0.16345586,0.911339888807203,0.911339888807203,0.2292380762067649,0.00377505,0.45352358,7.1852795e-05,0.12395089,0.0024026951,0.0077684904,0.023144698,1.0
7650000,0.6115841,8.0,132.17226890756302,0.49908936,0.1480867,0.9118297840052463,0.9118297840052463,0.2082553746594869,0.003761655,0.48019177,7.09615e-05,0.12365382,0.0023730155,0.008201632,0.02571525,1.0
7680000,0.5408469,8.0,122.84870848708488,0.56132615,0.17054044,0.9209418175979094,0.9209418175979094,0.2016319260780107,0.003563828,0.47948435,7.005864e-05,0.12335287,0.0023429503,0.008458388,0.01779007,1.0
7710000,0.56518507,8.0,109.71487603305785,0.52547294,0.18313664,0.9410533580083807,0.9410533580083807,0.19669141665007137,0.0034711356,0.504846,6.9153946e-05,0.12305128,0.0023128241,0.008459454,0.023520408,1.0
7740000,0.5989982,8.0,135.29223744292239,0.48998946,0.21080342,0.9182835587015435,0.9182835587015435,0.2832121708702517,0.003629024,0.45744008,6.825977e-05,0.122753225,0.0022830474,0.011602236,0.024973184,1.0
7770000,0.5546095,8.0,139.1909090909091,0.4712692,0.19221096,0.9092066340741858,0.9092066340741858,0.21372553317156512,0.0041893073,0.4531664,6.7366054e-05,0.12245532,0.0022532872,0.0073264814,0.016459975,1.0
7800000,0.56910574,8.0,124.27196652719665,0.49035332,0.21287505,0.9203716075300412,0.9203716075300412,0.23639083857316587,0.0040349187,0.42885712,6.645545e-05,0.122151785,0.0022229634,0.010385333,0.020024886,1.0
7830000,0.5782022,8.0,134.88584474885846,0.48554808,0.19161619,0.9199735141235944,0.9199735141235944,0.22651632739970945,0.004354486,0.44252485,6.558428e-05,0.1218614,0.002193954,0.007368241,0.021042932,1.0
7860000,0.6003286,8.0,136.0353982300885,0.48680252,0.18589972,0.9177123882799549,0.9177123882799549,0.29249108935741347,0.005159222,0.45458356,6.46615e-05,0.12155379,0.002163225,0.009613256,0.027428074,1.0
7890000,0.60237324,8.0,122.86190476190477,0.466787,0.18637806,0.9296568060914675,0.9296568060914675,0.18676600227227538,0.0041381707,0.4235837,6.377984e-05,0.12125992,0.0021338656,0.007552829,0.016148929,1.0
7920000,0.5679822,8.0,133.42264150943396,0.5121407,0.16285053,0.9099866393242628,0.9099866393242628,0.21791500635160746,0.0034758477,0.45622307,6.286756e-05,0.12095583,0.0021034866,0.0080802655,0.026837407,1.0
7950000,0.64620346,8.0,122.33170731707317,0.4922736,0.14063518,0.9249759797079891,0.9249759797079891,0.19642008899473676,0.0037062983,0.4503989,6.1967476e-05,0.12065581,0.0020735143,0.0076970793,0.021485224,1.0
7980000,0.62072176,8.0,154.87755102040816,0.42416146,0.15214552,0.8900314415853048,0.8900314415853048,0.2753186233884165,0.0038518168,0.45936748,6.1029838e-05,0.12034326,0.0020422912,0.008393527,0.018838555,1.0
8010000,0.5638268,8.0,136.33333333333334,0.5099482,0.14082366,0.9106729130260647,0.9106729130260647,0.23370678842184134,0.0037860605,0.447289,6.0118273e-05,0.120039396,0.0020119357,0.008248288,0.017851241,1.0
8040000,0.53881973,8.0,135.89861751152074,0.48896873,0.16262369,0.9107100902073973,0.9107100902073973,0.20273696012055895,0.0038508263,0.45163298,5.923065e-05,0.11974353,0.0019823778,0.00713785,0.013898027,1.0
8070000,0.61902076,8.0,156.17613636363637,0.4547545,0.3140654,0.9052791201642582,0.9052791201642582,0.4843556548514823,0.500527,0.43198904,5.834608e-05,0.11944866,0.0019529217,0.12134026,0.044882298,1.0
8100000,0.5387097,8.0,116.9375,0.5435862,0.6246189,0.9274974063728695,0.9274974063728695,2.2438144607193493,0.16192378,0.45903665,5.7451452e-05,0.11915045,0.0019231309,0.04071718,0.06302841,1.0
8130000,0.6224464,8.0,151.73743016759778,0.44093567,0.25032377,0.9059827738751968,0.9059827738751968,0.2049264795250363,0.0042308336,0.45198342,5.655977e-05,0.11885325,0.0018934376,0.0070383777,0.008861127,1.0
8160000,0.5660516,8.0,137.67965367965368,0.48309523,0.20093817,0.9008249988907884,0.9008249988907884,0.22800358424990855,0.0038661205,0.4386097,5.5671724e-05,0.118557215,0.0018638656,0.007830061,0.0186224,1.0
8190000,0.59565,8.0,165.093567251462,0.4047142,0.13703443,0.8921672681515868,0.8921672681515868,0.2704119712452997,0.004527772,0.39732224,5.4739507e-05,0.118246466,0.0018328227,0.00809898,0.023586808,1.0
8220000,0.609631,8.0,134.33809523809524,0.4857547,0.123382345,0.9141734827049943,0.9141734827049943,0.23168530672095541,0.004521393,0.40464005,5.3835047e-05,0.117945,0.0018027041,0.0076418417,0.028134951,1.0
8250000,0.5830038,8.0,169.55384615384617,0.45997095,0.08235626,0.8917903002655628,0.8917903002655628,0.2540136453189545,0.0036044389,0.4343428,5.2943353e-05,0.11764775,0.0017730108,0.006707194,0.021771384,1.0
8280000,0.6399725,8.0,168.69444444444446,0.4460467,0.07552291,0.8860898824052864,0.8860898824052864,0.2633607357143937,0.0036636435,0.4122429,5.2060997e-05,0.11735364,0.0017436282,0.007911945,0.013759922,1.0
8310000,0.62131774,8.0,158.37362637362637,0.4453005,0.044456467,0.8944188141294064,0.8944188141294064,0.2706663535747637,0.0035327964,0.41948447,5.115943e-05,0.117053114,0.0017136062,0.008238715,0.018049434,1.0
8340000,0.5992274,8.0,125.475,0.48053902,0.015999224,0.9219179084126036,0.9219179084126036,0.18937475796307052,0.003975644,0.4359657,5.0254057e-05,0.11675132,0.001683457,0.00839827,0.019619236,1.0
8370000,0.55489916,8.0,172.43076923076924,0.4344488,0.44368464,0.8670440366385515,0.8670440366385515,1.2808497452896108,0.08631249,0.40422225,4.9339225e-05,0.11644638,0.0016529934,0.059992224,0.06951798,1.0
8400000,0.5675104,8.0,138.39819004524887,0.50491935,0.3836362,0.908134680744764,0.908134680744764,0.555064160913766,0.028006157,0.45863834,4.8447422e-05,0.116149105,0.0016232963,0.01785308,0.039874397,1.0
8430000,0.65812993,8.0,135.6868131868132,0.4792199,0.20558621,0.9260414359648583,0.9260414359648583,0.205050987428188,0.0033478688,0.46169487,4.756988e-05,0.11585661,0.001594074,0.0075460454,0.019495498,1.0
8460000,0.57052976,8.0,165.6422018348624,0.46449637,0.17308924,0.8827004729459683,0.8827004729459683,0.2654087258968502,0.004176605,0.4466502,4.6644946e-05,0.11554829,0.0015632737,0.0067940527,0.015711362,1.0
8490000,0.55702674,8.0,145.00507614213197,0.46861807,0.15779632,0.9037681559647494,0.9037681559647494,0.20033316241938676,0.0037740031,0.45080096,4.571722e-05,0.11523906,0.0015323806,0.0071098437,0.01583883,1.0
8520000,0.5530375,8.0,141.10729613733906,0.52057135,0.15483446,0.9227456870842082,0.9227456870842082,0.23133434445581175,0.004184705,0.44933304,4.4846765e-05,0.11494889,0.0015033947,0.008067481,0.03120217,1.0
8550000,0.5434281,8.0,115.89473684210526,0.5015667,0.13287312,0.9353633153386511,0.9353633153386511,0.18405489736810066,0.004146109,0.45337498,4.394285e-05,0.1146476,0.0014732943,0.0070650554,0.016691787,1.0
8580000,0.53796196,8.0,126.53982300884955,0.49362633,0.084987365,0.9191942958063201,0.9191942958063201,0.17180810370809285,0.0038420842,0.46052313,4.3026055e-05,0.11434199,0.0014427648,0.006664104,0.01399116,1.0
8610000,0.44340685,8.0,105.2996632996633,0.57766676,-0.013945698,0.9388183042533317,0.9388183042533317,0.14641104314034267,0.0032903184,0.48678738,4.213487e-05,0.11404492,0.0014130884,0.0071366117,0.013302414,1.0
8640000,0.43029478,8.0,120.20610687022901,0.5221996,-0.039371155,0.9238955374654784,0.9238955374654784,0.18379855644802623,0.0040303245,0.4501736,4.1244606e-05,0.11374817,0.0013834424,0.0070479955,0.008232647,1.0
8670000,0.44198456,8.0,105.79087452471482,0.5155564,-0.029365372,0.935385326304721,0.935385326304721,0.1559334931334186,0.0043647657,0.42919132,4.0367464e-05,0.11345579,0.0013542335,0.00748001,0.0122695835,1.0
8700000,0.5237794,8.0,115.95867768595042,0.5514939,-0.033305835,0.9299905709616962,0.9299905709616962,0.1921705923398163,0.0039281636,0.46277222,3.946514e-05,0.11315501,0.0013241862,0.0074481005,0.013474478,1.0
8730000,0.46605822,8.0,127.61832061068702,0.5136253,-0.0028997383,0.9135368177306282,0.9135368177306282,0.17085338964094515,0.004460108,0.45501968,3.8560695e-05,0.11285354,0.0012940682,0.006594251,0.01399757,1.0
8760000,0.52932876,8.0,114.00409836065573,0.52977514,0.038571335,0.9359711360458921,0.9359711360458921,0.1867323044642079,0.0038776186,0.45142215,3.7663107e-05,0.11255434,0.0012641784,0.008194281,0.02028912,1.0
8790000,0.5704725,8.0,130.62200956937798,0.47485435,0.07894813,0.9179650688428057,0.9179650688428057,0.2596982447920661,0.0040085106,0.44125745,3.6764424e-05,0.11225478,0.0012342526,0.009503542,0.026574371,1.0
8820000,0.46751234,8.0,129.79681274900398,0.51692057,-0.007023885,0.9200144502392504,0.9200144502392504,0.23928106972289243,0.0051089223,0.44827676,3.586249e-05,0.111954145,0.0012042178,0.008570986,0.021841528,1.0
8850000,0.49341223,8.0,114.34444444444445,0.5406518,0.024384374,0.9346359812118339,0.9346359812118339,0.20337697478085334,0.0041245986,0.46258208,3.495143e-05,0.111650445,0.0011738797,0.00935207,0.0207281,1.0
8880000,0.5221719,8.0,129.6431924882629,0.5115049,0.046254996,0.9256380244459904,0.9256380244459904,0.16936017549815346,0.004034127,0.4453801,3.406265e-05,0.11135419,0.0011442832,0.006555879,0.008307941,1.0
8910000,0.48850727,8.0,110.94444444444444,0.53691953,0.06706848,0.9234739113059165,0.9234739113059165,0.16488356723414693,0.003947309,0.47715425,3.316298e-05,0.111054294,0.0011143243,0.0070770234,0.016890427,1.0
8940000,0.6068575,8.0,157.68817204301075,0.44662198,0.094090596,0.8881364570961473,0.8881364570961473,0.2520784110046964,0.003743903,0.4197257,3.2272135e-05,0.11075735,0.0010846589,0.00831872,0.018742757,1.0
8970000,0.55147576,8.0,140.63720930232557,0.47670323,0.025285665,0.9071485691127323,0.9071485691127323,0.22572032305012857,0.0042700646,0.43055737,3.136166e-05,0.11045386,0.0010543403,0.0076199346,0.018320834,1.0
9000000,0.5973435,8.0,132.71634615384616,0.47112656,-0.04400814,0.9039348599013932,0.9039348599013932,0.2610662722983611,0.0051251566,0.40482223,3.0450485e-05,0.11015011,0.001023998,0.0101082865,0.033370927,1.0
9030000,0.58974993,8.0,127.11462450592886,0.4956768,-0.17330271,0.9163774587824697,0.9163774587824697,0.22271313793483938,0.005402893,0.38987318,2.9513098e-05,0.10983768,0.0009927831,0.007889548,0.022941353,1.0
9060000,0.69767416,8.0,147.07407407407408,0.45342025,-0.2397963,0.9002401009978106,0.9002401009978106,0.2768801122098618,0.0059546526,0.38193464,2.8632281e-05,0.10954405,0.0009634518,0.010669326,0.04083749,1.0
9090000,0.87813574,8.0,252.16216216216216,0.35585618,-0.10291293,0.8181827526924939,0.8181827526924939,0.4848838936987108,0.0054632644,0.33570498,2.7741538e-05,0.10924714,0.00093379006,0.009088297,0.051074006,1.0
9120000,0.774885,8.0,216.52,0.37099272,-0.14227478,0.8375463529138376,0.8375463529138376,0.46687108437401176,0.0077530784,0.37057412,2.6852893e-05,0.108950935,0.0009041983,0.010105127,0.057917792,1.0
9150000,0.83000755,8.0,287.3783783783784,0.32916427,-0.06826623,0.7941358453541432,0.7941358453541432,0.8662622868685262,0.008870699,0.35701773,2.595098e-05,0.10865029,0.00087416446,0.014039561,0.048788548,1.0
9180000,0.84347445,8.0,227.2280701754386,0.33288157,-0.061005194,0.8802361996394807,0.8802361996394807,0.4310464901560596,0.0069465837,0.34508368,2.5057538e-05,0.10835249,0.0008444129,0.009395526,0.046033025,1.0
9210000,0.881885,8.0,305.13761467889907,0.29875278,-0.026375694,0.7805027706479585,0.7805027706479585,0.7533937702645306,0.006977393,0.3926754,2.4112884e-05,0.10803759,0.000812956,0.0128072975,0.0674403,1.0
9240000,0.9230442,8.0,302.6666666666667,0.27614307,0.29028732,0.8139912971983785,0.8139912971983785,0.7852493521109547,0.041863278,0.33814475,2.3241155e-05,0.107747,0.0007839272,0.024166606,0.075345,1.0
9270000,0.8661061,8.0,303.2783505154639,0.27849832,0.24767958,0.7941870861636695,0.7941870861636695,4.930401418758656,0.46088648,0.34495428,2.2357453e-05,0.10745246,0.0007545,0.053838752,0.084137,1.0
9300000,0.93303347,8.0,320.5257731958763,0.26235124,0.08819188,0.7529039946943521,0.7529039946943521,0.8773852686397732,0.0054671676,0.37434962,2.1421687e-05,0.10714054,0.00072333915,0.014355267,0.07831533,1.0
9330000,0.88433313,8.0,222.8803418803419,0.2922859,0.028612223,0.823530761540955,0.823530761540955,0.7346564753490508,0.0057039745,0.37337127,2.0533034e-05,0.10684432,0.0006937469,0.012600309,0.056415807,1.0
9360000,0.82439804,8.0,239.29787234042553,0.31612474,0.11881969,0.8239538378596722,0.8239538378596722,0.6632574727967173,0.01761922,0.3811512,1.9657244e-05,0.106552385,0.00066458306,0.015882688,0.047127597,1.0
9390000,0.84848166,8.0,261.4144144144144,0.29552287,0.18341726,0.8082176912411124,0.8082176912411124,1.013774310098549,0.010016887,0.39288425,1.8763745e-05,0.10625454,0.0006348295,0.017616106,0.0582923,1.0
9420000,0.9366934,8.0,398.93506493506493,0.20518157,0.14589033,0.7016808136481129,0.7016808136481129,1.0499142198632025,0.0035307987,0.38896656,1.785047e-05,0.10595012,0.00060441747,0.012569683,0.06594423,1.0
9450000,0.8390775,8.0,239.71900826446281,0.25780725,0.1582033,0.8093741615613301,0.8093741615613301,0.7648789455376875,0.004377482,0.41630363,1.6937165e-05,0.105645694,0.0005740044,0.014685503,0.057102364,1.0
9480000,0.85945165,8.0,242.76190476190476,0.27245942,0.2025111,0.8362558997991517,0.8362558997991517,0.535962238420153,0.0043617324,0.40457347,1.605108e-05,0.10535033,0.00054449786,0.012331897,0.0378904,1.0
9510000,0.7735036,8.0,190.35099337748343,0.29020166,0.22350186,0.8600194586703441,0.8600194586703441,0.5196257983928159,0.004363812,0.39765692,1.5144944e-05,0.10504829,0.0005143235,0.012663537,0.051353235,1.0
9540000,0.70843995,8.0,181.43386243386243,0.40113127,0.17237747,0.8826786067914516,0.8826786067914516,0.37168188554105314,0.0046894434,0.41343835,1.4254275e-05,0.10475139,0.00048466414,0.0094942115,0.025564326,1.0
9570000,0.65157014,8.0,142.71014492753622,0.43951124,0.16080315,0.8939211510766584,0.8939211510766584,0.3364944161148742,0.004085926,0.4525362,1.332873e-05,0.10444288,0.00045384347,0.010001301,0.044276234,1.0
9600000,0.6137775,8.0,132.80392156862746,0.43084294,0.14591776,0.9208054709716222,0.9208054709716222,0.2271779081900025,0.004271068,0.43933207,1.2439185e-05,0.10414637,0.00042422165,0.008607276,0.016373247,1.0
9630000,0.6537982,8.0,168.0108695652174,0.41027656,0.20602237,0.8986184761818984,0.8986184761818984,0.34430173540212033,0.0047787186,0.4732155,1.1541388e-05,0.10384711,0.00039432495,0.010113548,0.019542744,1.0
9660000,0.5466676,8.0,121.12698412698413,0.45667443,0.25558022,0.9168346279702994,0.9168346279702994,0.275017887888864,0.00499709,0.4762774,1.06446305e-05,0.10354818,0.0003644629,0.011201708,0.03205136,1.0
9690000,0.53520757,8.0,132.0701754385965,0.45914924,0.31941915,0.9197995580013907,0.9197995580013907,0.2795589446547654,0.0055183116,0.48086253,9.771164e-06,0.10325702,0.0003353765,0.010098916,0.023628792,1.0
9720000,0.42708173,8.0,98.92063492063492,0.55655354,0.40201554,0.9435681819238446,0.9435681819238446,0.1442262780891925,0.006723621,0.48773783,8.844447e-06,0.102948114,0.00030451678,0.006450004,0.006616681,1.0
9750000,0.5058276,8.0,124.2,0.4970048,0.43750584,0.9209935598299227,0.9209935598299227,0.18008774887798393,0.0060276883,0.49066105,7.939505e-06,0.10264646,0.0002743822,0.007856542,0.0114096785,1.0
9780000,0.5462014,8.0,126.2983193277311,0.5070434,0.49148956,0.9328861918970631,0.9328861918970631,0.2387592229859662,0.006132036,0.5063004,7.04709e-06,0.10234898,0.00024466484,0.0093506025,0.015617299,1.0
9810000,0.5067972,8.0,106.8984375,0.48908806,0.46632436,0.9308196822196011,0.9308196822196011,0.26119255891627097,0.005994765,0.4995285,6.1312758e-06,0.102043726,0.00021416819,0.012118176,0.03756086,1.0
9840000,0.5715756,8.0,144.80402010050253,0.47045872,0.49206492,0.9040712155219985,0.9040712155219985,0.3924626867284022,0.006272969,0.47949758,5.234843e-06,0.10174492,0.00018431697,0.0107695,0.0272156,1.0
9870000,0.56180066,8.0,139.59360730593608,0.44333005,0.45053172,0.9059590684466584,0.9059590684466584,0.29934206396168056,0.006095138,0.48483935,4.3579994e-06,0.101452634,0.0001551181,0.010532756,0.017989855,1.0
9900000,0.6639082,8.0,162.8268156424581,0.40497625,0.4528891,0.8925176761344652,0.8925176761344652,0.3584183145787834,0.0054020192,0.4775576,3.4518089e-06,0.10115059,0.00012494194,0.010289318,0.039836098,1.0
9930000,0.49022657,8.0,117.4870848708487,0.47683454,0.4371018,0.923892135002863,0.923892135002863,0.19203468173989077,0.006601822,0.4817231,2.5233617e-06,0.100841075,9.402463e-05,0.007691895,0.013487352,1.0
9960000,0.5005951,8.0,122.13983050847457,0.46702543,0.41457874,0.9191728766249904,0.9191728766249904,0.1732124968360857,0.0069578164,0.4619557,1.6178639e-06,0.10053926,6.387154e-05,0.006370277,0.008721129,1.0
9990000,0.5748638,8.0,152.4517766497462,0.43281728,0.42758703,0.8989116111488054,0.8989116111488054,0.2787277929889358,0.005906991,0.47158068,7.455048e-07,0.10024846,3.4821987e-05,0.010366248,0.023148926,1.0
