Steps,Policy/Entropy,Environment/Lesson/SimplePathFinding,Policy/Extrinsic Value Estimate,Policy/Curiosity Value Estimate,Losses/Value Loss,Losses/Policy Loss,Policy/Learning Rate,Policy/Epsilon,Policy/Beta,Losses/Curiosity Forward Loss,Losses/Curiosity Inverse Loss,Environment/Episode Length,Environment/Cumulative Reward,Policy/Extrinsic Reward,Policy/Curiosity Reward,Is Training
30000,1.5893111,0.0,-0.061948054,1.0308495,0.23429348,0.47137114,0.00029947984,0.19982661,0.009982677,0.16594115,0.8214716,583.0652173913044,0.6855714154385385,0.6855714154385385,18.453356707379932,1.0
60000,1.5026182,0.0,0.1584951,2.8436596,0.041862253,0.45414737,0.00029866715,0.19955572,0.009955615,0.16718775,0.39156136,414.96774193548384,0.7868393849242817,0.7868393849242817,12.169302134351296,1.0
90000,1.3760215,0.0,0.302272,3.6874473,0.097381,0.46383387,0.0002977434,0.19924779,0.009924853,0.13534841,0.3682765,257.7835820895522,0.8608503801993621,0.8608503801993621,7.7751394564849,1.0
120000,1.2870046,0.0,0.5124709,3.0657234,0.047631647,0.48079163,0.0002968557,0.1989519,0.009895296,0.12445679,0.32131943,155.6893203883495,0.9211748738227219,0.9211748738227219,3.280578531948804,1.0
150000,1.1774225,0.0,0.5532605,2.8822112,0.04758163,0.45597336,0.00029594774,0.19864921,0.009865058,0.10765066,0.22852808,110.412,0.9479657243636828,0.9479657243636828,2.2170066825835213,1.0
180000,1.1535677,0.0,0.5692,3.2046669,0.077457905,0.4751198,0.00029502486,0.19834161,0.009834327,0.11914972,0.18083698,103.87128712871286,0.9439848475032784,0.9439848475032784,2.263058951406768,1.0
210000,1.0445296,1.0,0.6684515,4.110413,0.1450553,0.46956295,0.00029413056,0.1980435,0.009804547,0.14981104,0.3880217,72.14024390243902,0.9641562498485049,0.9641562498485049,2.4561931739250817,1.0
240000,1.0256807,2.0,0.594269,2.8049889,0.010608207,0.41953442,0.00029326256,0.19775419,0.009775642,0.08282997,0.2609216,86.21031746031746,0.9568880307973582,0.9568880307973582,1.5142716750157386,1.0
270000,1.1124051,2.0,0.18283571,1.6269757,0.018191366,0.4347955,0.00029234754,0.19744918,0.009745171,0.069617555,0.36736077,549.9310344827586,0.4929618051783605,0.4929618051783605,8.20932984369045,1.0
300000,1.2160412,2.0,0.20828688,1.8277032,0.019249177,0.35372087,0.00029145327,0.19715108,0.009715392,0.08738283,0.24603948,396.05263157894734,0.6618467407760682,0.6618467407760682,6.301379857512264,1.0
330000,1.337224,2.0,0.29848927,2.5874648,0.036351923,0.42234787,0.0002905239,0.19684131,0.009684445,0.10085036,0.15895979,331.5824175824176,0.790018878918555,0.790018878918555,6.8961856092015905,1.0
360000,1.2957591,2.0,0.24931848,2.0720809,0.008428139,0.4461456,0.00028960282,0.19653426,0.009653775,0.071960665,0.16438615,334.7551020408163,0.7750063737101377,0.7750063737101377,5.605656847833319,1.0
390000,1.2093778,2.0,0.4259381,1.7325668,0.010833257,0.43043038,0.00028874408,0.19624804,0.009625177,0.06889777,0.19171675,206.25165562913907,0.8893519672320077,0.8893519672320077,2.752871038196118,1.0
420000,1.2538818,2.0,0.4861379,1.8515737,0.0107761985,0.45554906,0.0002878506,0.19595018,0.009595425,0.073582925,0.11139292,139.0,0.9264331645894759,0.9264331645894759,2.2754864003509283,1.0
450000,1.1999388,2.0,0.48166868,1.8902448,0.04806364,0.45113558,0.0002869501,0.19565003,0.009565438,0.06646823,0.1624055,158.24886877828055,0.9158537011524593,0.9158537011524593,2.3656306708990424,1.0
480000,1.1733184,2.0,0.57361317,1.9323514,0.011830745,0.45339456,0.00028606394,0.19535464,0.009535928,0.06461227,0.1378827,115.87083333333334,0.9417222218871607,0.9417222218871607,1.4727310500579116,1.0
510000,1.1304783,3.0,0.6261395,1.7312376,0.008987917,0.46522164,0.00028521207,0.19507068,0.009507561,0.05311743,0.12395868,86.0431654676259,0.9575499968603254,0.9575499968603254,1.0231325037411547,1.0
540000,1.2303077,3.0,0.44630057,1.3512244,0.006284178,0.4407964,0.00028425676,0.19475228,0.009475749,0.056835376,0.21189798,212.33098591549296,0.886184779279258,0.886184779279258,2.493589027268488,1.0
570000,1.2125657,3.0,0.47240818,1.3529631,0.0073211496,0.44497666,0.00028336578,0.19445525,0.00944608,0.050118294,0.15013969,165.6010101010101,0.8924081183705234,0.8924081183705234,1.6998892896785047,1.0
600000,1.138546,3.0,0.54156065,1.4336288,0.00885948,0.46082598,0.00028245244,0.1941508,0.009415666,0.050792765,0.105432644,107.18505338078292,0.9451541191627902,0.9451541191627902,1.1664699811394923,1.0
630000,1.0889374,3.0,0.55679125,1.534921,0.009111534,0.47439158,0.00028153186,0.19384395,0.009385011,0.049439028,0.1455621,105.26315789473684,0.9364143308748801,0.9364143308748801,1.0221421981571863,1.0
660000,1.0718541,4.0,0.5633947,1.6769216,0.009819902,0.5075888,0.00028065188,0.19355062,0.009355706,0.0471744,0.113775246,85.228125,0.9591484386939555,0.9591484386939555,0.8082467030733824,1.0
690000,1.2200577,4.0,0.38087773,1.4302437,0.008568478,0.45938733,0.00027976595,0.1932553,0.009326205,0.0499075,0.17983647,169.2214765100671,0.8966412877363543,0.8966412877363543,1.6666938232077706,1.0
720000,1.1739832,4.0,0.4795373,1.4317251,0.009148158,0.49059612,0.00027886673,0.19295557,0.009296261,0.043752454,0.14202589,116.05118110236221,0.93065175048804,0.93065175048804,1.0802452930300008,1.0
750000,1.1661854,4.0,0.4559143,1.2739011,0.0073774317,0.4956566,0.0002779443,0.19264808,0.009265543,0.045138985,0.123935595,143.2127659574468,0.9147770897308898,0.9147770897308898,1.314881950879412,1.0
780000,1.0939353,4.0,0.5386936,1.2547127,0.0061713234,0.5486592,0.00027703732,0.19234577,0.009235341,0.039807815,0.124819264,100.4041095890411,0.9394886647288998,0.9394886647288998,0.8321325044582287,1.0
810000,1.0615888,4.0,0.57723564,1.1155272,0.0045738555,0.5488229,0.00027613994,0.19204664,0.00920546,0.04042017,0.10728756,91.52121212121212,0.9517246946329023,0.9517246946329023,0.7561530270968655,1.0
840000,1.0397499,5.0,0.5351063,0.97778535,0.0056425803,0.5408277,0.00027525282,0.19175094,0.009175919,0.039802387,0.10734147,81.3782894736842,0.9575656539813838,0.9575656539813838,0.657110685524954,1.0
870000,1.145799,5.0,0.4684338,1.0019177,0.005224414,0.5125573,0.0002743307,0.19144355,0.0091452105,0.037386004,0.13404849,144.71844660194174,0.9038398047927224,0.9038398047927224,1.0816119798251147,1.0
900000,1.1544402,5.0,0.42852172,1.0687271,0.005228433,0.47494793,0.00027342333,0.19114107,0.0091149965,0.04102999,0.11659841,167.98333333333332,0.8945840636043103,0.8945840636043103,1.4543858534032172,1.0
930000,1.0383719,5.0,0.5478214,1.033419,0.005202621,0.5367431,0.0002725392,0.19084641,0.009085555,0.038435064,0.09124737,94.39024390243902,0.953581035779468,0.953581035779468,0.7134829499341291,1.0
960000,1.0366901,5.0,0.5465087,0.8796584,0.0044724215,0.5710142,0.00027164374,0.19054791,0.009055737,0.03576526,0.089953475,112.78187919463087,0.9361598621927151,0.9361598621927151,0.8262479183245071,1.0
990000,1.0313839,5.0,0.5347651,1.0264812,0.006792531,0.5474968,0.00027071772,0.19023924,0.0090248985,0.036587086,0.08511886,98.98275862068965,0.9433915224115728,0.9433915224115728,0.8003331682881561,1.0
1020000,0.9830982,6.0,0.5755068,0.9883496,0.0043427143,0.5698018,0.00026984973,0.18994993,0.008995995,0.033301815,0.07391249,81.95013850415512,0.9560395017348601,0.9560395017348601,0.5478486785573823,1.0
1050000,0.9201308,6.0,0.6268223,0.7425099,0.00369561,0.6035404,0.0002689743,0.1896581,0.008966844,0.02922866,0.053527914,59.75917431192661,0.9699331794088611,0.9699331794088611,0.3594829683977475,1.0
1080000,1.1316718,7.0,0.4177133,1.3658884,0.019321283,0.4308811,0.0002680561,0.18935202,0.008936266,0.06211824,0.13891493,246.41666666666666,0.8673684142137829,0.8673684142137829,4.001840901806166,1.0
1110000,1.2165906,7.0,0.18087116,1.1791168,0.015337098,0.41339082,0.00026712555,0.18904184,0.00890528,0.06302332,0.13444465,565.6078431372549,0.5192452637513854,0.5192452637513854,5.886981032085869,1.0
1140000,1.2484179,7.0,0.22862142,0.97070116,0.005329981,0.3957942,0.00026623465,0.18874486,0.008875612,0.038396534,0.15478383,546.2,0.5884046020989234,0.5884046020989234,5.577579941314,1.0
1170000,1.2570215,7.0,0.18903096,0.98242766,0.0056057875,0.43285164,0.00026534003,0.18844667,0.008845821,0.047750313,0.1400184,645.0833333333334,0.4802444295750724,0.4802444295750724,6.7991082930213045,1.0
1200000,1.2497883,7.0,0.11357317,0.80920863,0.003401534,0.37383324,0.00026443432,0.18814477,0.008815663,0.039098874,0.10990319,724.1333333333333,0.53613570066435,0.53613570066435,4.286164281623704,1.0
1230000,1.266251,7.0,0.15083186,0.7869114,0.003510039,0.40828785,0.000263536,0.18784533,0.008785749,0.040416103,0.12842086,494.1320754716981,0.5847690730609677,0.5847690730609677,4.443753296678716,1.0
1260000,1.2426704,7.0,0.21940908,0.8107848,0.0041309115,0.41556323,0.0002626632,0.18755439,0.008756684,0.03363941,0.09603233,502.1311475409836,0.6598349076414866,0.6598349076414866,3.5305475906601975,1.0
1290000,1.2249528,7.0,0.24234043,0.76419353,0.005491221,0.41621834,0.00026175354,0.18725118,0.008726391,0.04015831,0.1047278,393.27142857142854,0.7349342759166445,0.7349342759166445,2.8926896617082614,1.0
1320000,1.2962391,7.0,0.17033523,0.86244786,0.0043841335,0.4109983,0.0002608366,0.18694553,0.008695857,0.044964574,0.19407676,642.6122448979592,0.5348859848082066,0.5348859848082066,5.48800699763,1.0
1350000,1.2695093,7.0,0.20183843,0.9007645,0.004386908,0.41280344,0.00025995699,0.18665233,0.008666566,0.039635617,0.13556455,469.8524590163934,0.6951338863473827,0.6951338863473827,3.9513999684950556,1.0
1380000,1.2487404,7.0,0.29730648,0.9551365,0.0132427225,0.42203507,0.00025907953,0.18635985,0.008637349,0.04866364,0.1188357,549.8148148148148,0.643867843917438,0.643867843917438,4.2719248820628435,1.0
1410000,1.2007394,7.0,0.30426937,1.1816276,0.53646505,0.41071174,0.00025814492,0.18604831,0.008606226,0.14928862,0.12420687,323.0091743119266,0.7478644132184294,0.7478644132184294,5.63708457742961,1.0
1440000,1.1889024,7.0,0.3114432,0.8983429,0.004599321,0.42315826,0.00025723092,0.18574362,0.008575788,0.030409884,0.14368914,270.8241758241758,0.8331731092385066,0.8331731092385066,1.5532642454609915,1.0
1470000,1.144742,7.0,0.32977676,0.88371587,0.006034736,0.4177894,0.0002563256,0.18544187,0.008545642,0.03553053,0.15291777,341.10280373831773,0.7283050425425924,0.7283050425425924,2.600677103796654,1.0
1500000,1.0954337,7.0,0.40685916,0.82196033,0.0043800473,0.44572994,0.00025545424,0.18515141,0.008516624,0.02761073,0.095719635,215.1639344262295,0.8690969426440829,0.8690969426440829,1.1239966296285164,1.0
1530000,1.1186436,7.0,0.28264356,0.7733811,0.004358189,0.41768,0.00025455875,0.1848529,0.008486805,0.031548735,0.09040695,275.76785714285717,0.8008798099370724,0.8008798099370724,1.7709088881303547,1.0
1560000,1.0718983,7.0,0.35925537,0.87631506,0.004533029,0.4132059,0.00025364984,0.18454994,0.008456538,0.0336367,0.07856005,216.1705426356589,0.8516566906505683,0.8516566906505683,1.456793158601119,1.0
1590000,1.072138,7.0,0.34684667,0.83397907,0.006238458,0.4330991,0.00025276328,0.18425441,0.008427016,0.036708795,0.100808635,265.94174757281553,0.8168615350643029,0.8168615350643029,1.5661440706955125,1.0
1620000,1.0369303,7.0,0.455477,0.79913354,0.004485237,0.47903353,0.0002518713,0.1839571,0.008397314,0.027954396,0.05903997,186.02409638554218,0.8857810617639468,0.8857810617639468,1.3069254777025012,1.0
1650000,1.0123006,7.0,0.44419962,0.7109412,0.0038192242,0.46381852,0.00025095508,0.18365169,0.008366804,0.03574536,0.07168516,228.1,0.8310662087657161,0.8310662087657161,1.3753126718707986,1.0
1680000,1.0195781,7.0,0.44088495,0.7414438,0.006133465,0.46771672,0.00025005257,0.18335085,0.008336751,0.029736314,0.105742864,192.21153846153845,0.8886552574113011,0.8886552574113011,1.2204398228786886,1.0
1710000,1.0884963,7.0,0.37801522,0.80347395,0.0035340285,0.46913078,0.0002491291,0.18304302,0.0083059985,0.034288492,0.13213451,251.56382978723406,0.8542663412025342,0.8542663412025342,1.5463012592114795,1.0
1740000,1.014578,7.0,0.28079382,0.68687314,0.0034812554,0.43882164,0.0002482363,0.18274543,0.008276267,0.025838556,0.11568944,311.01785714285717,0.7763718377473285,0.7763718377473285,1.9440630401656465,1.0
1770000,1.046539,7.0,0.45917973,0.81305206,0.004767193,0.45140597,0.00024733937,0.18244648,0.0082464,0.031020314,0.08093394,221.672131147541,0.8724247975349426,0.8724247975349426,1.2336049804985523,1.0
1800000,1.0418662,7.0,0.4087687,0.71952033,0.003328554,0.43891543,0.0002464606,0.18215355,0.008217139,0.028230922,0.07294716,206.72142857142856,0.860836357816116,0.860836357816116,1.2139374751343646,1.0
1830000,1.0848899,7.0,0.3550944,0.72406703,0.0030771021,0.44706294,0.0002455433,0.18184778,0.008186592,0.028787708,0.089479074,263.264,0.7912145120001608,0.7912145120001608,1.6779953707610407,1.0
1860000,1.1543851,7.0,0.35134292,0.891678,1.9517673,0.43951145,0.00024465338,0.1815511,0.008156956,0.12852484,0.11146247,340.26582278481015,0.7533012733627589,0.7533012733627589,10.502783141170557,1.0
1890000,1.0033661,7.0,0.45584428,0.92658633,0.0047042505,0.47005203,0.00024373205,0.18124399,0.008126276,0.024416106,0.090169586,242.77702702702703,0.8415284663852718,0.8415284663852718,1.8761221149341307,1.0
1920000,1.0696951,7.0,0.37215272,0.671049,0.0031829844,0.4366176,0.00024283063,0.18094352,0.00809626,0.022123782,0.073362,274.4074074074074,0.8147916622735836,0.8147916622735836,1.1793881261341825,1.0
1950000,1.0344167,7.0,0.45376638,0.7317794,0.0032734466,0.47714007,0.00024196577,0.18065524,0.008067457,0.023110421,0.081343636,176.75524475524475,0.8812039947509765,0.8812039947509765,0.9077988286440571,1.0
1980000,0.91383564,7.0,0.4917275,0.65090394,0.0035609677,0.45399728,0.00024105722,0.18035239,0.008037204,0.022868399,0.085395075,174.70388349514562,0.8818574244211806,0.8818574244211806,0.7963129086973201,1.0
2010000,1.0132853,7.0,0.42200398,0.6515925,0.004400502,0.48123145,0.00024015721,0.1800524,0.008007233,0.02855223,0.07466177,210.37692307692308,0.8545939389503363,0.8545939389503363,1.189960050774089,1.0
2040000,0.92728055,7.0,0.3565981,0.6844873,0.0035630842,0.46331507,0.00023924139,0.1797471,0.007976737,0.028755216,0.10516251,213.31333333333333,0.8476959165109663,0.8476959165109663,1.2271583609181602,1.0
2070000,1.030085,7.0,0.3596897,0.64787084,0.0027764589,0.47214833,0.00023838549,0.17946182,0.007948234,0.025160465,0.07409594,178.3304347826087,0.8879008224803554,0.8879008224803554,0.8872587707601796,1.0
2100000,1.076954,7.0,0.28998992,0.55249125,0.0030997242,0.38444456,0.0002374526,0.17915086,0.0079171695,0.022024218,0.06873229,313.31632653061223,0.74832608072978,0.74832608072978,1.6554819533155989,1.0
2130000,0.9872144,7.0,0.40587845,0.5764254,0.0031387096,0.44127223,0.00023652939,0.17884311,0.007886426,0.022849197,0.081105605,199.84516129032258,0.8356503173228234,0.8356503173228234,0.919164759455429,1.0
2160000,1.0149947,7.0,0.4112333,0.64826953,0.0035698826,0.49381003,0.00023565056,0.17855017,0.007857162,0.026449187,0.06796772,224.42957746478874,0.8413151667549692,0.8413151667549692,1.1565069444734475,1.0
2190000,0.98565936,7.0,0.39495012,0.61601216,0.0027995515,0.4489265,0.00023475545,0.1782518,0.0078273555,0.023560118,0.06342398,228.36912751677852,0.8290797156262231,0.8290797156262231,1.120038216269308,1.0
2220000,0.9038495,7.0,0.44719553,0.63483,0.0034975684,0.480527,0.00023384007,0.17794666,0.0077968724,0.026079923,0.056657802,162.90555555555557,0.8930835142567918,0.8930835142567918,0.8125087898224592,1.0
2250000,0.9238587,7.0,0.3963859,0.6402952,0.003472387,0.44169244,0.00023297215,0.17765738,0.0077679725,0.022959542,0.059417758,200.06711409395973,0.8469357084144246,0.8469357084144246,0.9746935380163131,1.0
2280000,0.9496675,7.0,0.37289652,0.7602911,0.004596605,0.47731,0.00023206294,0.1773543,0.007737695,0.034843147,0.0985125,179.1631205673759,0.8829126739480966,0.8829126739480966,1.1441660127143416,1.0
2310000,0.98746955,7.0,0.38582584,0.71635544,0.011956172,0.46260807,0.00023116708,0.17705569,0.0077078626,0.028874118,0.088441946,245.5681818181818,0.8138977081607316,0.8138977081607316,1.6730257331976623,1.0
2340000,0.9164413,7.0,0.36070913,0.57034034,0.0034657815,0.4610433,0.00023025037,0.17675011,0.007677336,0.019324638,0.053436473,216.67549668874173,0.8615517447461615,0.8615517447461615,0.8814882659776644,1.0
2370000,0.89058053,7.0,0.36973563,0.5661543,0.0037605106,0.4792654,0.00022932484,0.17644161,0.0076465164,0.023601253,0.06877764,168.7942857142857,0.8979023360369498,0.8979023360369498,0.8080493222965658,1.0
2400000,0.85934246,7.0,0.5012235,0.93649304,2.3642116,0.4330689,0.00022843828,0.17614606,0.0076169935,0.14750986,0.13810566,151.65921787709496,0.9152705225897463,0.9152705225897463,1.2035060324951221,1.0
2430000,1.037149,7.0,0.35911545,1.0393361,0.061352067,0.4562556,0.00022754062,0.17584686,0.007587102,0.041249473,0.13281819,269.7739130434783,0.8188878195441287,0.8188878195441287,10.843606504393012,1.0
2460000,0.96738213,7.0,0.37645227,0.6312423,0.0036079537,0.46314532,0.00022662601,0.17554198,0.0075566457,0.018198133,0.06978488,202.01898734177215,0.8718922549197751,0.8718922549197751,0.7850800128713731,1.0
2490000,0.8081973,7.0,0.51524454,0.65704906,0.004077962,0.47472328,0.00022575761,0.1752525,0.0075277262,0.02062435,0.061694443,129.28217821782178,0.9215966179103091,0.9215966179103091,0.5327414796566186,1.0
2520000,0.7965582,7.0,0.4735772,0.6554644,0.0031562478,0.4512767,0.00022485961,0.1749532,0.007497824,0.020192059,0.049443983,151.5343137254902,0.9015340177131068,0.9015340177131068,0.6430517665888231,1.0
2550000,0.74411577,7.0,0.5114162,0.5987395,0.0031384192,0.51127625,0.0002239476,0.17464918,0.0074674534,0.018025262,0.045825653,125.25,0.9224911376771041,0.9224911376771041,0.4603513988650518,1.0
2580000,0.8602591,7.0,0.3579614,0.933063,0.19931136,0.45351702,0.00022304642,0.1743488,0.0074374443,0.07517819,0.10434504,268.28205128205127,0.8084389317484029,0.8084389317484029,3.855267361169104,1.0
2610000,0.8423906,7.0,0.4335694,0.8645617,0.005053314,0.47970003,0.00022218373,0.17406125,0.007408717,0.018819686,0.05282617,153.46486486486486,0.9028147358251245,0.9028147358251245,0.8395220111295777,1.0
2640000,0.86586386,7.0,0.435599,1.0470877,0.1111578,0.44367158,0.00022127335,0.17375779,0.0073784012,0.06649312,0.102849394,159.98809523809524,0.9042473339734698,0.9042473339734698,0.9391022208463621,1.0
2670000,0.88871247,7.0,0.36620578,1.1084132,0.14126803,0.44464022,0.00022035722,0.17345239,0.0073478953,0.06935804,0.09746742,234.31333333333333,0.8529891842422453,0.8529891842422453,4.024028730440281,1.0
2700000,0.7020469,7.0,0.51754135,0.8222243,0.004639857,0.4945927,0.00021944626,0.17314875,0.00731756,0.016390353,0.030332068,112.47902097902097,0.9372828562610915,0.9372828562610915,0.38093568617478013,1.0
2730000,0.77318746,7.0,0.48133546,0.7785188,0.0040154695,0.48462868,0.00021853528,0.17284508,0.0072872224,0.018441852,0.050677184,135.9212962962963,0.9214018574287725,0.9214018574287725,0.5406472960010518,1.0
2760000,0.7006669,7.0,0.53263307,0.78542835,0.0041595493,0.48459703,0.00021763252,0.17254415,0.0072571617,0.016699145,0.040208824,114.756,0.9380729049444199,0.9380729049444199,0.43910672054607497,1.0
2790000,0.78074515,7.0,0.4790079,0.7647301,0.0040292987,0.49986038,0.00021673656,0.1722455,0.0072273263,0.021814134,0.050219994,137.2882882882883,0.9226041070130317,0.9226041070130317,0.557590975728073,1.0
2820000,0.74188626,7.0,0.51712984,0.77101076,0.00361728,0.50809616,0.00021586644,0.17195548,0.00719835,0.021959355,0.07299082,116.99555555555555,0.9333999979041391,0.9333999979041391,0.5669994766595063,1.0
2850000,0.83505416,7.0,0.44543517,0.68209475,0.003405973,0.44320253,0.00021497389,0.17165796,0.007168629,0.019813437,0.083788514,171.98907103825135,0.8734457562703871,0.8734457562703871,0.668340254848623,1.0
2880000,0.74622184,7.0,0.5406867,0.68803954,0.003911817,0.46808273,0.00021407127,0.1713571,0.007138572,0.020429332,0.054959234,127.73417721518987,0.9244630225002766,0.9244630225002766,0.5136451084605035,1.0
2910000,0.7711178,7.0,0.44717866,0.6270826,0.005933555,0.45277217,0.00021314961,0.17104983,0.0071078804,0.02245011,0.05712698,142.24229074889868,0.9171607291589589,0.9171607291589589,0.6664425143164042,1.0
2940000,0.6243458,7.0,0.5904688,0.7690073,0.0043811477,0.47476867,0.00021222893,0.17074297,0.0070772213,0.017654944,0.03472953,106.25172413793103,0.9370822123683139,0.9370822123683139,0.4467104976159214,1.0
2970000,0.7297222,7.0,0.6086939,0.78877205,0.0035807898,0.5207405,0.00021134295,0.17044765,0.0070477184,0.016508458,0.03623746,110.57794676806084,0.9438910159515217,0.9438910159515217,0.34688753551017726,1.0
3000000,0.74026364,7.0,0.4994507,0.77869993,0.0034148102,0.49194697,0.00021044946,0.17014979,0.007017966,0.02278391,0.034050357,115.88679245283019,0.9239247750054609,0.9239247750054609,0.5122905315931987,1.0
3030000,0.7497151,7.0,0.46657425,0.7951144,0.008123693,0.47620928,0.00020952408,0.16984135,0.006987151,0.023330037,0.06463507,145.6304347826087,0.900089543312788,0.900089543312788,0.7812826166776093,1.0
3060000,0.8095399,7.0,0.5051478,0.70379406,0.00442556,0.4945608,0.00020863632,0.16954543,0.0069575883,0.025071396,0.067676984,124.13953488372093,0.9294967776688013,0.9294967776688013,0.5011729185173314,1.0
3090000,0.7508938,7.0,0.44238123,0.6709156,0.0043644807,0.508735,0.00020775243,0.16925077,0.0069281533,0.020868152,0.048534714,140.656652360515,0.9133946048830061,0.9133946048830061,0.6766357756069092,1.0
3120000,0.65101886,7.0,0.5451805,0.65854174,0.0032813002,0.511801,0.00020686965,0.16895653,0.006898758,0.020416912,0.057181686,116.628,0.9373910573985034,0.9373910573985034,0.5320579598968228,1.0
3150000,0.8325333,7.0,0.39828548,0.6264756,0.0031288124,0.47873202,0.00020595828,0.16865276,0.0068684085,0.0221259,0.07047818,158.7012195121951,0.9019798749558082,0.9019798749558082,0.7099915063803698,1.0
3180000,0.77831846,7.0,0.45716658,0.58561385,0.0027825807,0.51055634,0.00020504897,0.16834964,0.006838129,0.019942613,0.05315445,134.64192139737992,0.9113234757729198,0.9113234757729198,0.5747313969647107,1.0
3210000,0.79465485,7.0,0.47621393,0.51672274,0.002600247,0.4821653,0.00020413267,0.1680442,0.0068076155,0.016931843,0.04656755,140.5301724137931,0.9141363993842613,0.9141363993842613,0.4932266595168856,1.0
3240000,0.8013384,7.0,0.49406517,0.4849088,0.0026364012,0.47874948,0.00020325607,0.16775201,0.0067784265,0.016610483,0.037285652,139.65238095238095,0.9099658956313463,0.9099658956313463,0.4724594785731011,1.0
3270000,0.80203474,7.0,0.49080643,0.49543318,0.0037553234,0.45959318,0.0002023689,0.16745631,0.0067488835,0.02246611,0.06506286,119.99122807017544,0.9354614331783735,0.9354614331783735,0.49210374833882325,1.0
3300000,0.8393387,7.0,0.4553418,0.51619273,0.0029364035,0.4823744,0.00020146962,0.1671565,0.006718936,0.02415821,0.09322898,144.38785046728972,0.8958724724863647,0.8958724724863647,0.7358533752860006,1.0
3330000,0.8439761,7.0,0.4569911,0.48110425,0.0036228925,0.4867787,0.00020054574,0.16684859,0.006688172,0.023260398,0.1017259,136.67336683417085,0.9216964785103223,0.9216964785103223,0.5761155414315474,1.0
3360000,0.7774788,7.0,0.44780374,0.52095014,0.0029603834,0.5092173,0.00019961719,0.16653904,0.00665725,0.018545784,0.06700062,152.44117647058823,0.9004995628020128,0.9004995628020128,0.7240270756858128,1.0
3390000,0.8740836,7.0,0.397708,0.4953432,0.0027952946,0.47264615,0.00019872193,0.16624065,0.006627439,0.018048733,0.049747188,147.67582417582418,0.9139929333215823,0.9139929333215823,0.5141616406971994,1.0
3420000,0.7753254,7.0,0.45251736,0.51458114,0.0030687097,0.49653766,0.00019786258,0.16595416,0.0065988223,0.018009314,0.038462963,118.5201793721973,0.9335903924072414,0.9335903924072414,0.431817340099265,1.0
3450000,0.77310854,7.0,0.51615006,0.5563561,0.0030077419,0.48223564,0.00019698238,0.16566077,0.006569512,0.021539764,0.060152207,140.9070796460177,0.8906135968863964,0.8906135968863964,0.6362146474543566,1.0
3480000,0.81912065,7.0,0.45117632,0.58255005,0.0024617426,0.49403277,0.00019604465,0.16534823,0.0065382854,0.020302765,0.092265055,146.9396984924623,0.9034465946920255,0.9034465946920255,0.6564207542395093,1.0
3510000,0.726033,7.0,0.5087253,0.6064097,0.00572008,0.5060287,0.00019516367,0.16505456,0.0065089487,0.020850688,0.062432118,125.40425531914893,0.9098600805296329,0.9098600805296329,0.5790797998523148,1.0
3540000,0.822157,7.0,0.44853735,0.5745657,0.0032087606,0.48994353,0.00019426775,0.16475591,0.0064791143,0.018838935,0.04859644,175.58510638297872,0.8888333315650622,0.8888333315650622,0.7334903412144834,1.0
3570000,0.70179534,7.0,0.56414825,0.61064994,0.003010622,0.4985531,0.00019336176,0.16445391,0.0064489464,0.018417066,0.033121955,107.28030303030303,0.9429056169221017,0.9429056169221017,0.3735647886182262,1.0
3600000,0.7492882,7.0,0.46346796,0.5926889,0.0026690075,0.49489415,0.00019245174,0.16415055,0.0064186407,0.02004634,0.04213751,123.50819672131148,0.9213553703397759,0.9213553703397759,0.5432376307012006,1.0
3630000,0.69533026,7.0,0.5059106,0.5523668,0.002893731,0.49472448,0.00019155546,0.16385183,0.006388796,0.018594725,0.055373408,116.52549019607844,0.934078431538507,0.934078431538507,0.43013755988658353,1.0
3660000,0.87507963,7.0,0.45469314,0.5927031,0.0029724315,0.4704105,0.00019065819,0.16355273,0.0063589164,0.02232358,0.049590707,155.8774193548387,0.9098408805593005,0.9098408805593005,0.650353581322439,1.0
3690000,0.76253325,7.0,0.4435006,0.5509973,0.0030097263,0.47091,0.00018974717,0.16324903,0.0063285795,0.018961217,0.043138333,166.27354260089686,0.8801981795579195,0.8801981795579195,0.7488506527236578,1.0
3720000,0.6110482,7.0,0.56018835,0.54523987,0.004603919,0.49477786,0.00018885965,0.1629532,0.0062990244,0.021971254,0.033755444,100.16181229773463,0.949885245400374,0.949885245400374,0.4220080715405648,1.0
3750000,0.62397593,7.0,0.54535925,0.5116964,0.0028021862,0.5240683,0.00018793992,0.16264662,0.006268398,0.016839018,0.045787923,114.6076923076923,0.9312610664895473,0.9312610664895473,0.41441505248765,1.0
3780000,0.6096612,7.0,0.5252814,0.5027442,0.0022458674,0.56926763,0.00018705676,0.16235223,0.006238988,0.017678907,0.04020989,87.9047619047619,0.9463740504476466,0.9463740504476466,0.293388959097004,1.0
3810000,0.699334,7.0,0.52859503,0.4928818,0.0025154299,0.49720442,0.00018614272,0.16204754,0.0062085507,0.0159147,0.04329946,112.41509433962264,0.9272664037125651,0.9272664037125651,0.3814772798650665,1.0
3840000,0.7684671,7.0,0.48961735,0.5186699,0.0032878385,0.49685544,0.00018524958,0.16174981,0.006178808,0.018794598,0.07518356,135.18099547511312,0.9271255401950894,0.9271255401950894,0.46949695692562954,1.0
3870000,0.8107645,7.0,0.42074084,0.51335764,0.002927324,0.49271742,0.00018437122,0.16145703,0.0061495597,0.018040955,0.07506221,137.2488038277512,0.9138966807256943,0.9138966807256943,0.5799284863497585,1.0
3900000,0.83417195,7.0,0.43509623,0.49239364,0.0031418896,0.45422813,0.00018346593,0.16115527,0.006119413,0.021398703,0.061072167,146.9090909090909,0.911546806547236,0.911546806547236,0.5682783317801721,1.0
3930000,0.95540833,7.0,0.3388167,0.6075518,0.0038472177,0.45382962,0.00018254184,0.16084725,0.006088642,0.022694742,0.08363299,234.77862595419847,0.8601499917606513,0.8601499917606513,1.097875759176289,1.0
3960000,0.8344344,7.0,0.48770535,0.47040468,0.0021186296,0.50064373,0.00018166765,0.16055587,0.0060595316,0.013566813,0.049061522,131.93896713615024,0.9053039627748701,0.9053039627748701,0.48031656099442344,1.0
3990000,0.83234316,7.0,0.4878104,0.45337465,0.0026043064,0.47287843,0.00018077172,0.1602572,0.0060296957,0.01543383,0.051302616,133.52582159624413,0.9229826923244848,0.9229826923244848,0.41324303167381843,1.0
4020000,0.79776067,7.0,0.48895282,0.5146395,0.0039379043,0.45825323,0.00017986867,0.1599562,0.005999626,0.02024264,0.04891783,147.66523605150215,0.8962235011351414,0.8962235011351414,0.6195856137559391,1.0
4050000,0.7073818,7.0,0.52947265,0.48815462,0.002912893,0.49104849,0.00017896824,0.15965606,0.0059696394,0.01727022,0.038856335,114.3632958801498,0.9352713197750865,0.9352713197750865,0.39031087466216874,1.0
4080000,0.66634655,7.0,0.5124674,0.50053555,0.0033963716,0.50860107,0.00017806762,0.15935586,0.0059396503,0.017503306,0.033399582,109.49818181818182,0.9314797101947276,0.9314797101947276,0.41604629215325456,1.0
4110000,0.54226387,7.0,0.6012555,0.5140299,0.0030139445,0.5271638,0.00017715836,0.15905276,0.0059093717,0.016120382,0.022250246,82.88333333333334,0.954886157591801,0.954886157591801,0.27767804474306773,1.0
4140000,0.7607941,8.0,0.4909243,0.5230258,0.0021602733,0.4998145,0.00017626483,0.15875491,0.005879617,0.017212538,0.05087657,102.51658767772511,0.9447040512218131,0.9447040512218131,0.3945762412790377,1.0
4170000,1.0566226,8.0,0.20643495,0.47695196,0.0018058055,0.42014506,0.00017535343,0.15845111,0.0058492664,0.021819614,0.0777832,464.26984126984127,0.6649709590860913,0.6649709590860913,1.9115376552987484,1.0
4200000,0.98970056,8.0,0.21250217,0.5975561,0.002773374,0.42129153,0.0001744616,0.15815385,0.00581957,0.023170311,0.073748425,299.8735632183908,0.7674583246754039,0.7674583246754039,1.5782172510045624,1.0
4230000,1.0631993,8.0,0.31879333,0.60048956,0.0023971158,0.43981123,0.00017354611,0.15784867,0.005789083,0.021581795,0.091707386,334.33,0.7087646386388576,0.7087646386388576,1.3534721651236818,1.0
4260000,0.9522425,8.0,0.3555737,0.5831397,0.0034781466,0.46904594,0.00017262137,0.15754043,0.005758289,0.01806255,0.05498285,253.03787878787878,0.8135362133149087,0.8135362133149087,1.0167200428609715,1.0
4290000,1.0250939,8.0,0.2777481,0.54023165,0.0027158635,0.44985992,0.00017175225,0.15725072,0.0057293475,0.01822807,0.057124764,310.8217821782178,0.7793730722310451,0.7793730722310451,1.1167163145191108,1.0
4320000,0.89830565,8.0,0.38029218,0.59584755,0.0031967838,0.4503823,0.00017085833,0.15695275,0.005699581,0.020540932,0.06721917,182.18382352941177,0.8749700692774606,0.8749700692774606,0.764812176870386,1.0
4350000,0.9459274,8.0,0.3192257,0.70779985,0.011967117,0.4485844,0.00016996425,0.15665475,0.005669807,0.023648858,0.07847119,246.859649122807,0.8194627052772854,0.8194627052772854,1.3185182351429583,1.0
4380000,0.98210466,8.0,0.24860236,0.59463376,0.0027506794,0.3887439,0.00016905645,0.15635213,0.0056395778,0.020116081,0.083374016,307.44954128440367,0.75497499287415,0.75497499287415,1.348475282564043,1.0
4410000,1.0278054,8.0,0.3094864,0.91017973,0.42129883,0.41682515,0.00016815051,0.15605018,0.0056094103,0.076984696,0.10724185,273.7450980392157,0.780159995882284,0.780159995882284,3.9371262730054912,1.0
4440000,1.0857102,8.0,0.21359576,0.59181356,0.0026216258,0.40432245,0.00016724155,0.15574718,0.0055791414,0.017270321,0.06851787,420.3,0.6924121513257961,0.6924121513257961,1.5081690055494372,1.0
4470000,0.94224083,8.0,0.38658622,0.8290578,0.25126722,0.44135857,0.00016632241,0.15544079,0.0055485344,0.032617427,0.05544186,199.55633802816902,0.8463736063697271,0.8463736063697271,1.7692731169130032,1.0
4500000,0.8908819,8.0,0.3683855,0.6795474,0.0035713702,0.44404575,0.0001654322,0.15514405,0.0055188905,0.01742056,0.061820257,218.11347517730496,0.8409638891203536,0.8409638891203536,0.7760836303285841,1.0
4530000,0.868427,8.0,0.41113138,0.6496849,0.003993205,0.44362912,0.00016455531,0.15485175,0.0054896898,0.014686023,0.035489786,200.51298701298703,0.8711181776235243,0.8711181776235243,0.6774962074909504,1.0
4560000,0.858325,8.0,0.42685255,0.69925433,0.14280933,0.43087023,0.00016365858,0.15455285,0.0054598292,0.026558466,0.043049935,189.3125,0.8852471305876021,0.8852471305876021,0.6718006289688645,1.0
4590000,0.925468,8.0,0.38987565,0.7774137,0.008819316,0.45729902,0.00016274714,0.15424903,0.005429478,0.02753678,0.04835516,181.20143884892087,0.8699599955616326,0.8699599955616326,1.7171108541817501,1.0
4620000,0.9788409,8.0,0.26345792,0.5980628,0.003021757,0.40111503,0.0001618416,0.15394717,0.005399324,0.018774383,0.051609706,268.8070175438597,0.7871218118477952,0.7871218118477952,1.0895482772918925,1.0
4650000,0.7960717,8.0,0.38989243,0.60861826,0.0040137335,0.4189841,0.00016093315,0.15364435,0.0053690714,0.016221028,0.0524557,178.12972972972972,0.8832278647587273,0.8832278647587273,0.639028473589264,1.0
4680000,0.81863725,8.0,0.43222946,0.5749569,0.0043859133,0.43771234,0.00016005783,0.15335257,0.0053399233,0.018616568,0.055398334,155.33714285714285,0.9098817651360733,0.9098817651360733,0.5831925154905457,1.0
4710000,0.87803817,8.0,0.33869615,0.58932376,0.0039175977,0.45474193,0.00015915775,0.15305257,0.00530995,0.019146245,0.06422785,219.63698630136986,0.8574006980363752,0.8574006980363752,0.9870892488725589,1.0
4740000,0.885535,8.0,0.33801728,0.5387686,0.002932033,0.4344878,0.00015825394,0.1527513,0.005279854,0.01847175,0.03361919,211.84671532846716,0.8534915442512908,0.8534915442512908,0.7921873643915628,1.0
4770000,0.8780511,8.0,0.35135937,0.50857574,0.0035097126,0.42855462,0.00015735583,0.15245193,0.005249947,0.017326064,0.041451868,205.40714285714284,0.8634345807359183,0.8634345807359183,0.7800589663753832,1.0
4800000,0.85735124,8.0,0.35884944,0.7442804,0.025597328,0.44358668,0.00015642827,0.15214275,0.00521906,0.03379512,0.042943764,214.28,0.8469251658336646,0.8469251658336646,1.3284207086275224,1.0
4830000,0.75805384,8.0,0.48191446,0.55499893,0.0029155526,0.47035566,0.00015555997,0.15185331,0.0051901448,0.01574897,0.041864276,136.29665071770336,0.9167611077427864,0.9167611077427864,0.4644061115794574,1.0
4860000,0.89895403,8.0,0.35060185,0.48229423,0.0030387768,0.45842865,0.00015464815,0.15154937,0.0051597813,0.018355442,0.042989828,231.6046511627907,0.8500596691043146,0.8500596691043146,0.7340848403381964,1.0
4890000,0.85862297,8.0,0.3292495,0.58622676,0.051515684,0.4517434,0.00015374068,0.15124688,0.0051295627,0.021087911,0.053861346,202.16197183098592,0.842980552619944,0.842980552619944,1.3240024691395875,1.0
4920000,0.9177347,8.0,0.3512546,0.47687316,0.002193225,0.4561386,0.00015284753,0.15094917,0.0050998214,0.014576436,0.04260773,217.36666666666667,0.8704693501875285,0.8704693501875285,0.6269460944609055,1.0
4950000,0.82361925,8.0,0.35265103,0.62702703,0.049373142,0.44117334,0.00015195375,0.15065122,0.0050700577,0.04669169,0.06111311,251.39102564102564,0.8181801249846717,0.8181801249846717,1.5040837698523573,1.0
4980000,0.82785946,8.0,0.37052077,0.48123303,0.0029143207,0.4405723,0.00015102973,0.15034322,0.005039289,0.014770733,0.04073894,152.99397590361446,0.8990715104522127,0.8990715104522127,0.4829726323033824,1.0
5010000,0.8487905,8.0,0.345365,0.43602276,0.0035089224,0.43648162,0.00015013522,0.15004505,0.0050095012,0.014706395,0.030036347,224.63333333333333,0.8607330639648625,0.8607330639648625,0.6739359212137289,1.0
5040000,0.8767282,8.0,0.29952863,0.46816546,0.007670856,0.40203834,0.00014923389,0.14974461,0.004979487,0.020849515,0.054773886,266.4047619047619,0.8047016750113303,0.8047016750113303,0.9005105940178976,1.0
5070000,0.83314824,8.0,0.41656148,0.593941,0.1363857,0.44634968,0.00014833926,0.14944641,0.004949695,0.03331362,0.048104644,194.6280487804878,0.8730678974110403,0.8730678974110403,1.5526527809324089,1.0
5100000,0.8670192,8.0,0.37569886,0.7508368,0.37339094,0.3950049,0.00014746787,0.14915596,0.0049206787,0.06117188,0.07363506,167.3925925925926,0.9056559394706379,0.9056559394706379,0.6478260615645172,1.0
5130000,0.789672,8.0,0.40202302,0.65397984,0.7153212,0.4417235,0.00014656637,0.14885543,0.004890658,0.065623865,0.067033164,195.5,0.8733433456176278,0.8733433456176278,4.421029451873821,1.0
5160000,0.87174815,8.0,0.3527479,0.42056042,0.0032636358,0.43564272,0.00014563923,0.14854638,0.004859783,0.016364256,0.043322917,214.98709677419356,0.8440553985183706,0.8440553985183706,0.7281352389931075,1.0
5190000,0.9160456,8.0,0.36016953,0.35842973,0.0033764683,0.43144652,0.00014474375,0.14824791,0.004829965,0.017854014,0.041695964,204.1796875,0.8852262747113722,0.8852262747113722,0.6439515421860409,1.0
5220000,0.81269157,8.0,0.39901063,0.38659638,0.0041656634,0.43787727,0.0001438571,0.14795233,0.00480044,0.016136015,0.039035745,165.45355191256832,0.9061472173780203,0.9061472173780203,0.5962315338456796,1.0
5250000,0.78117186,8.0,0.41429463,0.32259575,0.0032885938,0.4404565,0.0001429446,0.14764817,0.0047700536,0.012735825,0.01865124,190.06741573033707,0.8800422789369311,0.8800422789369311,0.5548662186826446,1.0
5280000,0.8080942,8.0,0.45898,0.31102565,0.0029421062,0.45240158,0.00014203877,0.14734623,0.0047398885,0.012988102,0.02827764,147.9306358381503,0.9115050838744573,0.9115050838744573,0.3878909575826578,1.0
5310000,0.7389033,8.0,0.45903924,0.3032913,0.00296828,0.44909206,0.0001411491,0.14704967,0.0047102626,0.013568984,0.030192267,152.96190476190475,0.9031435364598863,0.9031435364598863,0.43263541216823903,1.0
5340000,0.87939876,8.0,0.3924175,0.3396281,0.0030988252,0.43235102,0.0001402328,0.14674425,0.00467975,0.017940538,0.03973885,179.21212121212122,0.8795152403323389,0.8795152403323389,0.6084712074796964,1.0
5370000,0.8694147,8.0,0.3242787,0.37118155,0.0029674072,0.46046644,0.00013935665,0.1464522,0.004650574,0.018580172,0.0345618,202.43382352941177,0.8806239389092989,0.8806239389092989,0.8071112289982126,1.0
5400000,0.82364726,8.0,0.37221944,0.35659015,0.00302548,0.46872455,0.00013844736,0.1461491,0.004620295,0.017680395,0.028923944,201.5147928994083,0.8623428524743696,0.8623428524743696,0.6536881077733839,1.0
5430000,0.8195861,8.0,0.36618665,0.3727725,0.003177372,0.46166474,0.00013752937,0.14584312,0.0045897267,0.016570065,0.048815206,190.5375,0.8855553439953042,0.8855553439953042,0.6016550541111508,1.0
5460000,0.8468284,8.0,0.38382208,0.34806058,0.00306584,0.4664239,0.00013665944,0.14555313,0.004560757,0.015221022,0.03510848,154.4295302013423,0.9021234130368957,0.9021234130368957,0.5247460627114943,1.0
5490000,0.82160974,8.0,0.35209182,0.32356757,0.0031889202,0.4402547,0.00013576107,0.14525367,0.004530842,0.016142955,0.03395896,176.81656804733728,0.88138742214013,0.88138742214013,0.5463802485788118,1.0
5520000,0.72962147,8.0,0.43207058,0.30446297,0.0029198113,0.46076143,0.0001348655,0.14495516,0.004501019,0.012440095,0.02221406,173.6161616161616,0.8834099952876567,0.8834099952876567,0.506597837448353,1.0
5550000,0.7633626,8.0,0.40342999,0.31984818,0.002976766,0.46904942,0.00013396116,0.14465371,0.0044709044,0.01563129,0.0328041,171.7942857142857,0.8915155160016027,0.8915155160016027,0.5367485253921785,1.0
5580000,0.7739055,8.0,0.40769342,0.6644708,0.8764492,0.41755968,0.00013304273,0.14434756,0.004440321,0.07972197,0.071374245,136.31791907514452,0.9177305385202705,0.9177305385202705,0.9113617520667836,1.0
5610000,0.8947812,8.0,0.34929723,0.59902465,0.21367344,0.44133475,0.00013214942,0.14404978,0.0044105737,0.03618095,0.06336597,234.13194444444446,0.83815917474072,0.83815917474072,5.026220062392808,1.0
5640000,0.7118589,8.0,0.4304765,0.43886533,0.0031613945,0.4332153,0.0001312507,0.14375022,0.0043806466,0.014211782,0.031968877,159.38725490196077,0.8995596982205092,0.8995596982205092,0.49207145092425064,1.0
5670000,0.8834941,8.0,0.33021754,0.50647336,0.037977643,0.43059486,0.00013035629,0.14345208,0.0043508625,0.027290236,0.06801667,233.5966386554622,0.8459268237153689,0.8459268237153689,0.7627516055358498,1.0
5700000,0.83445436,8.0,0.3949537,0.767492,0.13630542,0.43524542,0.00012943515,0.14314502,0.0043201884,0.034364454,0.07012855,201.4551724137931,0.8587780965723261,0.8587780965723261,2.606042378294846,1.0
5730000,0.82849336,8.0,0.40668112,0.43779796,0.0030322303,0.46344364,0.00012852994,0.14284329,0.004290045,0.015747042,0.04540272,173.5595238095238,0.8903317872671722,0.8903317872671722,0.6572547006081639,1.0
5760000,0.81714785,8.0,0.3994969,0.39323276,0.0027731038,0.46914086,0.00012763044,0.14254346,0.004260091,0.015292657,0.032920465,180.4632768361582,0.8766516791970542,0.8766516791970542,0.5638639841940296,1.0
5790000,0.84361076,8.0,0.3660056,0.4120249,0.0027549567,0.45322624,0.00012673702,0.14224567,0.004230341,0.020571614,0.05538915,198.486301369863,0.8787118838383601,0.8787118838383601,0.6751800862538231,1.0
5820000,0.75090533,8.0,0.41276968,0.42235816,0.003041273,0.46857187,0.00012585321,0.14195104,0.0042009098,0.015928132,0.036109664,173.8932584269663,0.8778335086397222,0.8778335086397222,0.6865339120195524,1.0
5850000,0.78230166,8.0,0.43895185,0.35487083,0.0026069426,0.47526938,0.00012496013,0.14165334,0.00417117,0.0141824195,0.03429993,143.7724867724868,0.9112042747238741,0.9112042747238741,0.42705509129831976,1.0
5880000,0.89579344,8.0,0.29740414,0.4084459,0.003988832,0.44755918,0.00012406564,0.14135519,0.0041413833,0.019476047,0.050519917,222.29007633587787,0.8681333277826057,0.8681333277826057,0.8391834869557484,1.0
5910000,0.74294853,8.0,0.4615459,0.45573834,0.00793191,0.47720164,0.00012316853,0.14105615,0.0041115102,0.021542856,0.050487377,165.33168316831683,0.8922526781515377,0.8922526781515377,0.789729630447379,1.0
5940000,0.79743403,8.0,0.4275051,0.39700228,0.002925315,0.4462493,0.00012225742,0.14075245,0.004081169,0.014825931,0.030715408,165.82558139534885,0.903903007058494,0.903903007058494,0.5088685834892543,1.0
5970000,0.6819068,8.0,0.49026412,0.39866048,0.0022378755,0.48033535,0.00012133611,0.14044534,0.0040504904,0.015701573,0.03604321,126.45081967213115,0.9234589182798794,0.9234589182798794,0.3915781642260084,1.0
6000000,0.7627165,8.0,0.43208587,0.3969112,0.002632625,0.45776835,0.00012045367,0.14015122,0.004021104,0.016878784,0.03898612,157.4240837696335,0.9069610215723515,0.9069610215723515,0.5303062695818834,1.0
6030000,0.79170954,8.0,0.4361314,0.4533556,0.0027184484,0.45421252,0.000119582306,0.13986073,0.0039920886,0.016172066,0.057731595,162.9943820224719,0.9035814151249296,0.9035814151249296,0.5766729596757987,1.0
6060000,0.72834384,8.0,0.43009076,0.4522076,0.0031133937,0.49447614,0.00011865328,0.13955109,0.0039611524,0.014790697,0.04207784,137.8221153846154,0.9110941452587523,0.9110941452587523,0.442731667543398,1.0
6090000,0.71798193,8.0,0.4179572,0.42256853,0.0036863035,0.44133893,0.00011774362,0.13924785,0.0039308597,0.014249215,0.02512855,154.855,0.9210733285317054,0.9210733285317054,0.4254865480825687,1.0
6120000,0.73032755,8.0,0.44016573,0.45947,0.0030969435,0.44319198,0.00011684904,0.13894966,0.003901071,0.016045498,0.040733203,156.07179487179488,0.9015345321488135,0.9015345321488135,0.5761769775339624,1.0
6150000,0.698007,8.0,0.44277194,0.41855562,0.0028001918,0.47453123,0.000115941824,0.13864726,0.0038708607,0.014459967,0.031231437,141.90338164251207,0.9266966303738837,0.9266966303738837,0.3714117558780484,1.0
6180000,0.79752463,8.0,0.42523167,0.4121123,0.0029562223,0.45944136,0.000115045106,0.13834834,0.0038410004,0.016240783,0.035044488,163.62359550561797,0.8945230720462379,0.8945230720462379,0.5650634839516747,1.0
6210000,0.7965403,8.0,0.38357574,0.42935804,0.0030387368,0.46264714,0.00011414107,0.13804701,0.0038108951,0.019962166,0.049022138,162.54748603351956,0.887830052201803,0.887830052201803,0.6475100888725306,1.0
6240000,0.6950618,8.0,0.4228217,0.4444065,0.0028137192,0.4519315,0.000113274065,0.13775799,0.003782024,0.015228966,0.026434869,137.9271844660194,0.920276994366601,0.920276994366601,0.4201864326906176,1.0
6270000,0.88230425,8.0,0.34513408,0.40557414,0.0026882922,0.45656997,0.000112359,0.13745297,0.0037515524,0.015832158,0.033076175,215.52173913043478,0.8658551422550398,0.8658551422550398,0.6862416157827658,1.0
6300000,0.76993155,8.0,0.41059172,0.400051,0.0029096594,0.47944883,0.00011143938,0.13714644,0.0037209291,0.016969968,0.042137817,173.34031413612564,0.8848691860163534,0.8848691860163534,0.5693656536070881,1.0
6330000,0.7018469,8.0,0.40990037,0.42506507,0.017390544,0.47596046,0.00011055392,0.13685128,0.0036914432,0.019491198,0.04988885,136.0344827586207,0.9088377964339758,0.9088377964339758,0.5108717256025122,1.0
6360000,0.6120993,8.0,0.46899256,0.4436999,0.0028176236,0.45684588,0.00010966863,0.13655618,0.0036619632,0.014041813,0.028396465,122.1547619047619,0.9277015801946165,0.9277015801946165,0.5283338628845518,1.0
6390000,0.6850928,8.0,0.457447,0.40274462,0.0029883871,0.49393347,0.000108752916,0.13625094,0.0036314693,0.012076787,0.02516413,137.45652173913044,0.9180788765500846,0.9180788765500846,0.3652443250095279,1.0
6420000,0.7474876,8.0,0.41813,0.60259,0.04411621,0.41131273,0.00010784451,0.13594815,0.0036012204,0.035697665,0.05217121,133.8469387755102,0.9229808471145782,0.9229808471145782,1.0675000010523945,1.0
6450000,0.72579014,8.0,0.41467017,0.42447463,0.002762545,0.4578506,0.00010696008,0.13565333,0.0035717688,0.013438581,0.02831689,144.89690721649484,0.912868134020006,0.912868134020006,0.4664335842312807,1.0
6480000,0.76825047,8.0,0.40652218,0.41202894,0.002929756,0.4688678,0.00010604259,0.13534752,0.0035412163,0.015045077,0.035636228,173.8622448979592,0.8759073287404645,0.8759073287404645,0.5418705647538236,1.0
6510000,0.6265438,8.0,0.45968166,0.39645067,0.0030397787,0.49900526,0.0001051572,0.13505238,0.0035117324,0.013588341,0.02439239,114.3076923076923,0.934694671209474,0.934694671209474,0.3296003878139509,1.0
6540000,0.7732088,8.0,0.35029885,0.3832558,0.0029772485,0.4624978,0.00010422703,0.13474232,0.0034807583,0.014295879,0.025705673,181.64743589743588,0.8844565163302865,0.8844565163302865,0.5160914669912424,1.0
6570000,0.68795836,8.0,0.3784981,0.40173507,0.002985595,0.46131688,0.000103358514,0.1344528,0.0034518365,0.01295773,0.025638849,171.13483146067415,0.8825911556406575,0.8825911556406575,0.47742716384053396,1.0
6600000,0.56595147,8.0,0.46286607,0.41819632,0.0033495454,0.49665737,0.00010245156,0.13415048,0.0034216344,0.011805235,0.016241835,126.82089552238806,0.9197362910481494,0.9197362910481494,0.3377540289823498,1.0
6630000,0.7755165,8.0,0.39944237,0.41731176,0.0027450218,0.46123883,0.0001015464,0.13384877,0.0033914926,0.014853342,0.035322744,156.2905027932961,0.9059049687168216,0.9059049687168216,0.4633451548317519,1.0
6660000,0.7199848,8.0,0.4299612,0.44332993,0.003137993,0.4633394,0.00010065103,0.13355032,0.0033616764,0.014387701,0.03146915,166.46153846153845,0.8951098825349364,0.8951098825349364,0.48489412625433964,1.0
6690000,0.6144204,8.0,0.41689065,0.44514808,0.0035402265,0.4627389,9.974332e-05,0.13324776,0.0033314503,0.014423562,0.036435626,133.9406779661017,0.9139640334862889,0.9139640334862889,0.4158939682682486,1.0
6720000,0.59343034,8.0,0.43039998,0.46820965,0.0033419097,0.45110336,9.8808465e-05,0.13293612,0.0033003192,0.014413987,0.023348542,132.3595041322314,0.9252280980533312,0.9252280980533312,0.3521172584935038,1.0
6750000,0.5824128,8.0,0.47441974,0.48041075,0.003814813,0.4731703,9.7958386e-05,0.13265277,0.0032720116,0.014037425,0.034418955,94.98809523809524,0.9430381646308735,0.9430381646308735,0.2767638757528083,1.0
6780000,0.77914387,8.0,0.36616576,0.47957885,0.003146492,0.43519837,9.705493e-05,0.1323516,0.0032419267,0.01505672,0.03462999,191.27167630057804,0.8611355790057065,0.8611355790057065,0.5990741633427289,1.0
6810000,0.7850736,8.0,0.38962457,0.47762284,0.0032137916,0.43819803,9.615849e-05,0.1320528,0.0032120745,0.013196031,0.026798164,165.6086956521739,0.8803081817445699,0.8803081817445699,0.5061646994456583,1.0
6840000,0.6541778,8.0,0.4110123,0.608922,0.024440251,0.4484328,9.525922e-05,0.13175306,0.0031821297,0.022226088,0.018571988,146.36651583710406,0.9030031952411617,0.9030031952411617,0.5954900969449244,1.0
6870000,0.70810384,8.0,0.3752746,0.444021,0.0035786997,0.44879723,9.433744e-05,0.1314458,0.0031514345,0.013058666,0.036557477,175.53591160220995,0.8933828558666366,0.8933828558666366,0.4916973530714001,1.0
6900000,0.72272784,8.0,0.37962463,0.41204956,0.0031453385,0.4412349,9.346181e-05,0.13115391,0.0031222755,0.013266057,0.018902685,139.6764705882353,0.9154238875541422,0.9154238875541422,0.3534891204184128,1.0
6930000,0.60881305,8.0,0.42203036,0.40357086,0.0035393036,0.45839563,9.257944e-05,0.13085979,0.003092893,0.011917948,0.02035296,149.1949152542373,0.8987307001330089,0.8987307001330089,0.390258856132022,1.0
6960000,0.73935956,8.0,0.379074,0.40511957,0.0029894083,0.47574472,9.1637245e-05,0.13054574,0.003061518,0.016110776,0.033458233,132.83248730964468,0.9177603105985627,0.9177603105985627,0.416098284626322,1.0
6990000,0.7080445,8.0,0.3671415,0.3879423,0.0030955668,0.46499503,9.074691e-05,0.13024895,0.0030318697,0.012285415,0.022844799,156.74742268041237,0.8960537675337575,0.8960537675337575,0.44791487545879494,1.0
7020000,0.5879048,8.0,0.45214993,0.3833995,0.0033293227,0.4465807,8.985947e-05,0.12995313,0.0030023183,0.014619729,0.03024435,120.72,0.9258845014655722,0.9258845014655722,0.34667759603129983,1.0
7050000,0.7230871,8.0,0.37154388,0.5459791,0.7563114,0.43608943,8.894076e-05,0.12964688,0.0029717244,0.059328392,0.05110103,137.31400966183574,0.9143142845169664,0.9143142845169664,1.838847610956113,1.0
7080000,0.6721039,8.0,0.41795322,0.46300012,0.0039192494,0.46272287,8.805475e-05,0.12935156,0.00294222,0.013657758,0.027984409,135.71689497716895,0.916351303231457,0.916351303231457,0.4079165475119067,1.0
7110000,0.6277651,8.0,0.41589287,0.5184991,0.0041788663,0.47040477,8.716805e-05,0.129056,0.002912694,0.01224222,0.026995646,139.47210300429185,0.9086695264209493,0.9086695264209493,0.3594184014706397,1.0
7140000,0.61725366,8.0,0.4198322,0.61220706,0.0052306973,0.48432383,8.62511e-05,0.12875034,0.002882159,0.010738811,0.019944455,118.46753246753246,0.9374244532275409,0.9374244532275409,0.25908346694800594,1.0
7170000,0.62967694,8.0,0.41600725,0.6680762,0.0057169497,0.45996004,8.533107e-05,0.12844367,0.0028515225,0.011444787,0.031192578,140.4978540772532,0.9151911094122462,0.9151911094122462,0.3316185290945901,1.0
7200000,0.5887049,8.0,0.44363353,0.6773698,0.004817438,0.4473767,8.444775e-05,0.12814921,0.0028221072,0.012648326,0.022143956,103.10204081632654,0.9401137260829702,0.9401137260829702,0.28046453235780494,1.0
7230000,0.7115867,8.0,0.35488826,0.5938478,0.004284303,0.4404208,8.3555045e-05,0.12785165,0.0027923803,0.01481835,0.024316076,170.93582887700535,0.8879668404632074,0.8879668404632074,0.5347542574200879,1.0
7260000,0.5641072,8.0,0.4529714,0.58663404,0.0042413105,0.4574303,8.2661914e-05,0.12755394,0.0027626397,0.011698731,0.018339187,100.50381679389314,0.9497775640551128,0.9497775640551128,0.2274319564661599,1.0
7290000,0.605497,8.0,0.40819982,0.51357746,0.0046423026,0.44610542,8.173636e-05,0.12724543,0.0027318182,0.011019092,0.018974274,136.74524714828897,0.9116362525944216,0.9116362525944216,0.33673290462340727,1.0
7320000,0.6611152,8.0,0.4271147,0.48210067,0.003887339,0.48299375,8.085648e-05,0.12695213,0.002702518,0.012234499,0.020088885,120.63636363636364,0.9264759638150875,0.9264759638150875,0.2893549698872628,1.0
7350000,0.6197716,8.0,0.40216097,0.7151785,0.45348936,0.39957857,7.997481e-05,0.12665823,0.002673158,0.050967976,0.05576074,122.1625,0.9303940925668563,0.9303940925668563,0.5122010778804714,1.0
7380000,0.6735869,8.0,0.32969403,0.5997495,0.015691072,0.44497555,7.9048514e-05,0.1263495,0.0026423133,0.015940716,0.017698241,151.02369668246445,0.906307655801043,0.906307655801043,2.0127507083866583,1.0
7410000,0.5358594,8.0,0.4079557,0.49478236,0.005557002,0.45458117,7.813969e-05,0.12604652,0.0026120485,0.009368227,0.011801435,104.08527131782945,0.94474046628067,0.94474046628067,0.20836636175651552,1.0
7440000,0.5061482,8.0,0.48504978,0.48261467,0.0038378024,0.4711337,7.724881e-05,0.12574957,0.0025823826,0.012121649,0.018234456,102.71331058020478,0.9364307148718997,0.9364307148718997,0.22067088353743225,1.0
7470000,0.6939074,8.0,0.37965512,0.46250194,0.0036929906,0.44277433,7.635726e-05,0.12545238,0.0025526942,0.012000195,0.028366437,145.3904761904762,0.9004251134950061,0.9004251134950061,0.3735952967149747,1.0
7500000,0.4915901,8.0,0.49874544,0.4756656,0.0039025124,0.4649114,7.546383e-05,0.12515458,0.0025229428,0.00946363,0.009448162,104.63106796116504,0.9377444446379063,0.9377444446379063,0.2220732389212726,1.0
7530000,0.62242824,8.0,0.38323817,0.43475378,0.004119697,0.43559855,7.456229e-05,0.12485408,0.0024929217,0.012181845,0.022135705,127.64840182648402,0.9258023685471142,0.9258023685471142,0.311089415994795,1.0
7560000,0.5359546,8.0,0.41268378,0.44191182,0.0047876025,0.42922565,7.362235e-05,0.12454076,0.002461621,0.011904156,0.026502797,131.10655737704917,0.9271883509424795,0.9271883509424795,0.3099454807633736,1.0
7590000,0.603587,8.0,0.4292919,0.4653436,0.0041124094,0.46103695,7.2736286e-05,0.12424541,0.0024321154,0.012893859,0.0149932,123.63513513513513,0.9291669670408128,0.9291669670408128,0.3078927501142699,1.0
7620000,0.6207421,8.0,0.37998384,0.4692093,0.0037587672,0.41454163,7.184584e-05,0.12394858,0.0024024637,0.014079169,0.0334362,133.16746411483254,0.9283400948928751,0.9283400948928751,0.33202793235004235,1.0
7650000,0.68961203,8.0,0.36301115,0.4973213,0.0037983411,0.45943102,7.096005e-05,0.12365333,0.002372967,0.015621579,0.042084355,160.8820512820513,0.8918219465671516,0.8918219465671516,0.5130103212326946,1.0
7680000,0.6657267,8.0,0.41309297,0.49780777,0.003815332,0.46052608,7.0049915e-05,0.12334994,0.0023426593,0.012785671,0.023725064,124.81333333333333,0.9290660536343899,0.9290660536343899,0.2926523888466555,1.0
7710000,0.6943732,8.0,0.3537052,0.44968373,0.0036030388,0.456752,6.914309e-05,0.12304767,0.0023124623,0.011910467,0.021502865,159.31606217616581,0.9045248682866442,0.9045248682866442,0.42305161004374525,1.0
7740000,0.59540373,8.0,0.40131262,0.48793355,0.0035140591,0.43933776,6.824646e-05,0.122748785,0.0022826043,0.015730245,0.03722976,124.72764227642277,0.9169115996062756,0.9169115996062756,0.3971212035790086,1.0
7770000,0.5779939,8.0,0.42473593,0.4488602,0.0046807895,0.4622804,6.7372384e-05,0.12245744,0.002253498,0.0112213055,0.020367777,117.35918367346939,0.9337813751055644,0.9337813751055644,0.2685505410591291,1.0
7800000,0.6718838,8.0,0.39616367,0.43216792,0.0034335835,0.44842649,6.644789e-05,0.122149274,0.0022227117,0.013017319,0.026061613,129.57777777777778,0.9164920905994814,0.9164920905994814,0.3523406944021063,1.0
7830000,0.5599574,8.0,0.42110902,0.4334786,0.003841618,0.46468058,6.5551554e-05,0.12185049,0.002192864,0.011861314,0.021932859,115.11328125,0.9309630578856415,0.9309630578856415,0.3003499361185996,1.0
7860000,0.61159474,8.0,0.39209002,0.45767134,0.0038940224,0.4238923,6.467492e-05,0.12155829,0.0021636717,0.014810635,0.015516064,123.66810344827586,0.9334423556338232,0.9334423556338232,0.38456250656412416,1.0
7890000,0.6519489,8.0,0.41783416,0.4810309,0.0036956887,0.43290693,6.376053e-05,0.12125348,0.002133223,0.015524806,0.041161984,147.08675799086757,0.9070244114233854,0.9070244114233854,0.45612233160107346,1.0
7920000,0.5779403,8.0,0.43438175,0.50126326,0.0036740706,0.4719585,6.283246e-05,0.12094413,0.002102318,0.014732948,0.027747722,126.69565217391305,0.9240571424542439,0.9240571424542439,0.4041090840695515,1.0
7950000,0.54289675,8.0,0.45669895,0.5231707,0.0044701477,0.45940456,6.193149e-05,0.1206438,0.002072316,0.013505729,0.024815109,110.25735294117646,0.9382117217058664,0.9382117217058664,0.306944330396888,1.0
7980000,0.6691951,8.0,0.37010545,0.4756195,0.0050925943,0.4693403,6.1041275e-05,0.12034707,0.0020426717,0.019109609,0.030254688,133.625,0.9190302431946847,0.9190302431946847,0.4765925370656499,1.0
8010000,0.6376987,8.0,0.32688445,0.43812662,0.004301802,0.4426286,6.015059e-05,0.12005017,0.0020130118,0.013080415,0.03703884,156.05555555555554,0.8962680160015972,0.8962680160015972,0.46563811411107253,1.0
8040000,0.6737388,8.0,0.39594,0.42238212,0.00404065,0.44171894,5.92576e-05,0.11975251,0.0019832756,0.012225925,0.02688129,130.84579439252337,0.9210098103802895,0.9210098103802895,0.31701492434846257,1.0
8070000,0.5711527,8.0,0.3792661,0.37197143,0.0040423013,0.45156634,5.8335867e-05,0.11944527,0.0019525813,0.009952722,0.009879148,139.86808510638298,0.9191836251555818,0.9191836251555818,0.30466676704107526,1.0
8100000,0.54991543,8.0,0.40647286,0.38314644,0.004347004,0.44333786,5.7439862e-05,0.11914661,0.0019227448,0.013268185,0.024570642,114.65,0.923027528864652,0.923027528864652,0.29631837959088353,1.0
8130000,0.6179383,8.0,0.42740244,0.40793416,0.0037627213,0.46046963,5.6571105e-05,0.11885701,0.0018938149,0.011434681,0.014733224,124.8974358974359,0.9212848105416771,0.9212848105416771,0.30859611754576804,1.0
8160000,0.6369071,8.0,0.4167366,0.37807077,0.003717571,0.44836313,5.5643348e-05,0.11854777,0.0018629206,0.011067606,0.013996287,146.93809523809523,0.9115397967583504,0.9115397967583504,0.3201087073038392,1.0
8190000,0.5430665,8.0,0.4657496,0.42526162,0.0061984328,0.4368547,5.473466e-05,0.11824486,0.0018326613,0.0149053475,0.032484964,109.72413793103448,0.9364973669941712,0.9364973669941712,0.3318486217325343,1.0
8220000,0.59397507,8.0,0.45962834,0.48519528,0.0044170595,0.4630677,5.3830117e-05,0.11794333,0.0018025402,0.015954597,0.037429955,137.49583333333334,0.9188619639692653,0.9188619639692653,0.4953645195097575,1.0
8250000,0.5440494,8.0,0.44197604,0.47649038,0.004275047,0.46608463,5.2955842e-05,0.117651924,0.001773427,0.013597822,0.0335666,110.19665271966527,0.9368654754131086,0.9368654754131086,0.3609539316227985,1.0
8280000,0.6940512,8.0,0.37562537,0.4611253,0.0036709283,0.45021293,5.2063446e-05,0.117354445,0.0017437098,0.014142407,0.037105605,145.43069306930693,0.8997124320021566,0.8997124320021566,0.4139676503451068,1.0
8310000,0.8277374,8.0,0.2899339,0.43700862,0.003055842,0.40320587,5.1132723e-05,0.11704422,0.001712717,0.013639009,0.036651336,233.3969465648855,0.8462499964587165,0.8462499964587165,0.6557474397546188,1.0
8340000,0.649758,8.0,0.3957426,0.409475,0.0035626183,0.45490623,5.0272083e-05,0.11675733,0.0016840574,0.010208515,0.013551287,130.49099099099098,0.9216986771525265,0.9216986771525265,0.3002599863600117,1.0
8370000,0.5252299,8.0,0.45025072,0.39129445,0.0038911155,0.44552448,4.934362e-05,0.11644785,0.0016531396,0.011124613,0.012489982,120.322695035461,0.9212594076276266,0.9212594076276266,0.30798858887003905,1.0
8400000,0.5558989,8.0,0.44342312,0.34924415,0.004067849,0.45684287,4.8458758e-05,0.116152905,0.0016236738,0.010771805,0.019095013,97.50212765957447,0.95197773377905,0.95197773377905,0.1870026340866499,1.0
8430000,0.55269367,8.0,0.42960444,0.38334548,0.0038725985,0.4718979,4.7540692e-05,0.11584687,0.0015931024,0.0122501375,0.024159092,133.45038167938932,0.9112190444258943,0.9112190444258943,0.3482524609074943,1.0
8460000,0.64340156,8.0,0.4613534,0.40346387,0.003269682,0.46602917,4.663048e-05,0.11554347,0.0015627925,0.011204826,0.017228829,137.2112676056338,0.9141736321151257,0.9141736321151257,0.31683099748228083,1.0
8490000,0.6355675,8.0,0.4331587,0.3725267,0.00366293,0.45756057,4.575567e-05,0.115251854,0.0015336609,0.0108100725,0.023276981,115.52549019607844,0.9262988084542846,0.9262988084542846,0.26479423356183346,1.0
8520000,0.48067123,8.0,0.4747709,0.3729082,0.0041291425,0.47721803,4.4833134e-05,0.11494435,0.0015029404,0.009729838,0.011475308,105.82214765100672,0.9374213320761919,0.9374213320761919,0.22849750799980637,1.0
8550000,0.60076356,8.0,0.45607457,0.42172074,0.036047067,0.45372263,4.3923403e-05,0.1146411,0.0014726464,0.017264575,0.018907398,116.92885375494072,0.929044175040291,0.929044175040291,0.2836723398514481,1.0
8580000,0.545891,8.0,0.42053664,0.7588026,1.8485923,0.4187822,4.302515e-05,0.11434169,0.0014427345,0.19745979,0.0465432,112.6692607003891,0.9356447036652004,0.9356447036652004,3.6295645138915336,1.0
8610000,0.5744687,8.0,0.41556913,0.83083385,0.54321235,0.4512629,4.215149e-05,0.11405047,0.0014136416,0.06009207,0.08323384,114.37301587301587,0.928888886282042,0.928888886282042,1.5763546229764762,1.0
8640000,0.60476416,8.0,0.42689854,0.54217774,0.004754982,0.46502984,4.1237618e-05,0.11374584,0.0013832098,0.011953513,0.017284937,124.23694779116465,0.9201694170305551,0.9201694170305551,0.330112490547082,1.0
8670000,0.5036869,8.0,0.4594569,0.49717653,0.0040015653,0.43360165,4.0330164e-05,0.11344336,0.0013529913,0.01048144,0.015782658,111.15972222222223,0.9310814154560905,0.9310814154560905,0.24182850700123487,1.0
8700000,0.49589586,8.0,0.4590254,0.47737962,0.004432487,0.42403418,3.9485283e-05,0.113161735,0.001324857,0.010266437,0.01541973,106.77220077220078,0.9483745174921158,0.9483745174921158,0.2152248538237669,1.0
8730000,0.47611952,8.0,0.47126356,0.4434053,0.0043442035,0.443854,3.8575254e-05,0.11285839,0.0012945529,0.009821662,0.01285468,101.89781021897811,0.9476245478979086,0.9476245478979086,0.21715327355311342,1.0
8760000,0.5752392,8.0,0.42618704,0.3796896,0.004323495,0.46398178,3.7665228e-05,0.11255504,0.0012642492,0.009914245,0.015973551,120.8582995951417,0.9269967063218968,0.9269967063218968,0.25395274625270947,1.0
8790000,0.5918426,8.0,0.421449,0.40594232,0.0037690601,0.44972163,3.6753623e-05,0.112251185,0.0012338927,0.013500263,0.024657724,116.64556962025317,0.9237909866377008,0.9237909866377008,0.2921158676875092,1.0
8820000,0.5154627,8.0,0.43511498,0.42998868,0.004527771,0.46112624,3.5846722e-05,0.11194887,0.001203693,0.012417546,0.02178494,133.86046511627907,0.9101822387614076,0.9101822387614076,0.3945918516804281,1.0
8850000,0.5576728,8.0,0.4051034,0.35713008,0.0043292306,0.44074008,3.4948047e-05,0.11164931,0.0011737671,0.010577567,0.012800276,117.5330396475771,0.9375396531139468,0.9375396531139468,0.2507564213191127,1.0
8880000,0.53440565,8.0,0.41465572,0.34185967,0.0044629695,0.42380336,3.406201e-05,0.111353986,0.0011442619,0.011224813,0.015346652,113.928,0.9267951584751567,0.9267951584751567,0.24617198978986352,1.0
8910000,0.5157005,8.0,0.43265054,0.33388355,0.0039785807,0.43233326,3.316487e-05,0.11105492,0.0011143872,0.012890802,0.026269786,119.88593155893535,0.920868058933278,0.920868058933278,0.36718288341275074,1.0
8940000,0.5728473,8.0,0.42224872,0.3270505,0.0038511844,0.44534868,3.2258187e-05,0.110752694,0.0010841946,0.0109002385,0.014175097,122.23673469387755,0.9223383664476629,0.9223383664476629,0.2754451430136604,1.0
8970000,0.5768206,8.0,0.41391847,0.42485234,0.010018273,0.42618802,3.1373e-05,0.11045765,0.0010547179,0.012115656,0.017388728,123.47107438016529,0.9354158313944936,0.9354158313944936,0.29663981672686834,1.0
9000000,0.6284962,8.0,0.34505996,0.60518026,0.14931685,0.43772298,3.0436764e-05,0.11014556,0.0010235411,0.038984444,0.045514386,128.88118811881188,0.9193431428695088,0.9193431428695088,1.3064520251216263,1.0
9030000,0.50850666,8.0,0.45726913,0.4080215,0.0045002764,0.44163305,2.9532453e-05,0.109844126,0.0009934276,0.01083832,0.023189344,123.57553956834532,0.9206204272833349,0.9206204272833349,0.3262127708972475,1.0
9060000,0.5568094,8.0,0.43047303,0.44001082,0.004437253,0.44957784,2.8629422e-05,0.1095431,0.0009633566,0.011351644,0.014717322,115.37795275590551,0.9332751957039664,0.9332751957039664,0.2764435934900181,1.0
9090000,0.58118063,8.0,0.4076848,0.3919555,0.0036107271,0.41754508,2.7738923e-05,0.10924627,0.00093370315,0.009009964,0.009814041,130.98717948717947,0.9149917640527825,0.9149917640527825,0.2577527962805159,1.0
9120000,0.58466387,8.0,0.4240449,0.44567126,0.0043744985,0.4477149,2.6862694e-05,0.1089542,0.0009045246,0.012382774,0.016956242,102.29741379310344,0.9351378844041657,0.9351378844041657,0.23080241689171296,1.0
9150000,0.45510757,8.0,0.42904514,0.5424451,0.0056304396,0.42378122,2.5938152e-05,0.10864602,0.0008737373,0.011218131,0.02190136,136.45353159851302,0.9055582072808227,0.9055582072808227,0.33629065781046374,1.0
9180000,0.5378777,8.0,0.42923504,0.48621058,0.0046567935,0.43709642,2.5082225e-05,0.10836071,0.0008452351,0.009859088,0.018181717,109.28571428571429,0.9418012732838063,0.9418012732838063,0.21967153115633956,1.0
9210000,0.5484825,8.0,0.40224364,0.44435272,0.0043090163,0.42655182,2.4158086e-05,0.108052656,0.0008144612,0.012074578,0.021294024,131.9102564102564,0.9113882580529089,0.9113882580529089,0.31151332574208146,1.0
9240000,0.47842973,8.0,0.45542765,0.43579063,0.0042688213,0.42571297,2.3230587e-05,0.1077435,0.0007835754,0.009949261,0.012301028,114.0618556701031,0.9256858632705658,0.9256858632705658,0.247953838382456,1.0
9270000,0.43891826,8.0,0.49774837,0.42139804,0.004842122,0.43244225,2.2338758e-05,0.10744622,0.0007538777,0.010697422,0.018835727,91.64724919093851,0.9475771416510854,0.9475771416510854,0.2081006977943674,1.0
9300000,0.5326375,8.0,0.4780222,0.43628952,0.0035871863,0.42442936,2.1425014e-05,0.107141644,0.0007234499,0.013973887,0.026192717,112.0845588235294,0.9319335799942265,0.9319335799942265,0.2994987302504952,1.0
9330000,0.49108732,8.0,0.4717132,0.3963445,0.0037140935,0.44678655,2.0524347e-05,0.10684142,0.00069345755,0.009067334,0.01817669,101.44884488448845,0.942090332582593,0.942090332582593,0.2133102058665827,1.0
9360000,0.5218751,8.0,0.47338063,0.38382635,0.0036838204,0.44100797,1.9634897e-05,0.106544934,0.00066383893,0.010804022,0.021623118,96.91911764705883,0.9455931376033742,0.9455931376033742,0.19641348034385525,1.0
9390000,0.4369613,8.0,0.47737113,0.3483724,0.0037052915,0.44498122,1.8729734e-05,0.10624322,0.000633697,0.008809373,0.014508915,113.77777777777777,0.932723916807147,0.932723916807147,0.2327126151776913,1.0
9420000,0.34124154,9.0,0.5567689,0.3603027,0.0037569979,0.4578546,1.7862985e-05,0.1059543,0.00060483423,0.008312627,0.015585135,73.74262734584451,0.9633173337578773,0.9633173337578773,0.12448874184240898,1.0
9450000,0.5169463,9.0,0.49442673,0.3552166,0.0035583219,0.4753729,1.6964368e-05,0.10565476,0.0005749103,0.009967003,0.013590742,100.29861111111111,0.9463079829131149,0.9463079829131149,0.197517852518811,1.0
