Steps,Policy/Entropy,Environment/Lesson/SimplePathFinding,Policy/Extrinsic Value Estimate,Policy/Curiosity Value Estimate,Environment/Episode Length,Environment/Cumulative Reward,Policy/Extrinsic Reward,Policy/Curiosity Reward,Losses/Value Loss,Losses/Policy Loss,Policy/Learning Rate,Policy/Epsilon,Policy/Beta,Losses/Curiosity Forward Loss,Losses/Curiosity Inverse Loss,Is Training
30000,1.5116518,0.0,0.38567975,0.7434836,189.19108280254778,0.9026299932599068,0.9026299932599068,3.695245209733645,0.06382884,0.7984088,0.00029949864,0.19983287,0.009983304,0.14437811,1.0262904,1.0
60000,1.362869,0.0,0.34981963,2.120708,268.1929824561403,0.851164810359478,0.851164810359478,6.839789537919892,0.11036179,0.7723954,0.00029863618,0.1995454,0.009954585,0.18017656,0.37365207,1.0
90000,1.1762826,0.0,0.21331055,1.8910358,116.8452380952381,0.9388159514633134,0.9388159514633134,2.6908563060272876,0.06678074,1.053182,0.0002977388,0.19924626,0.009924701,0.21745153,0.18070972,1.0
120000,1.116999,0.0,0.17406876,1.8030308,485.0769230769231,0.649692585070928,0.649692585070928,7.919454496215891,0.38115856,0.6238008,0.0002968611,0.19895372,0.009895476,0.11384768,0.18107483,1.0
150000,1.2101586,0.0,0.07501849,1.3721455,153.01030927835052,0.9090274103023679,0.9090274103023679,2.8445336484364447,0.06205574,0.9333082,0.00029595333,0.19865113,0.009865247,0.16277035,0.151928,1.0
180000,1.16199,0.0,0.004743244,1.2706127,127.42028985507247,0.9360660355889572,0.9360660355889572,2.422658972672345,0.08180487,1.0565479,0.00029504148,0.19834718,0.00983488,0.15686849,0.10621263,1.0
210000,1.1930444,0.0,0.022107007,1.1150541,93.62146892655367,0.9528664915739554,0.9528664915739554,1.7242127249690251,0.034311615,0.8612726,0.00029418222,0.19806075,0.009806268,0.10535627,0.11630481,1.0
240000,1.3175151,0.0,0.20962024,0.9665971,242.5287356321839,0.8422257584388271,0.8422257584388271,3.5941511682960336,0.02946156,0.60170406,0.00029321673,0.1977389,0.009774116,0.104600236,0.16101272,1.0
270000,1.1981016,0.0,0.20663041,1.1730006,99.27751196172248,0.9509400905964012,0.9509400905964012,1.6003161440796567,0.021700034,0.88748914,0.0002923614,0.19745381,0.009745634,0.102516234,0.10784713,1.0
300000,1.3557042,0.0,0.11419336,1.1790773,303.55357142857144,0.8251104239536369,0.8251104239536369,4.137844722944757,0.07799145,0.6780323,0.00029144663,0.19714886,0.00971517,0.11954144,0.16144687,1.0
330000,1.3817108,0.0,0.2364216,1.3891809,160.39890710382514,0.9211361071715752,0.9211361071715752,2.3609865135409764,0.022992786,0.8202633,0.00029058545,0.19686183,0.009686494,0.105618626,0.16589701,1.0
360000,1.3410949,0.0,0.21953028,1.2556804,265.6,0.8495457544922829,0.8495457544922829,3.309938326004451,0.015538677,0.7828697,0.00028966065,0.19655356,0.009655698,0.07072803,0.14453366,1.0
390000,1.3388317,0.0,0.28271478,1.2851673,185.23655913978496,0.9058491565162243,0.9058491565162243,2.6046305322322434,0.020029236,0.90433776,0.0002887444,0.19624813,0.009625188,0.098553956,0.18661708,1.0
420000,1.2103138,0.0,0.18444888,1.4032027,88.9831223628692,0.9488489526210968,0.9488489526210968,1.3622486868787511,0.021315346,0.95019,0.00028787815,0.19595939,0.00959634,0.08277475,0.09576281,1.0
450000,1.3552005,0.0,0.19966063,0.9959398,150.4017094017094,0.8980753311194112,0.8980753311194112,1.8429076841326573,0.018261138,0.9684534,0.00028694194,0.1956473,0.009565165,0.07313133,0.12892342,1.0
480000,1.2363669,0.0,0.35436556,0.9149782,102.8881118881119,0.9385482614161447,0.9385482614161447,1.2592863558739837,0.016527167,0.89950514,0.00028604435,0.19534813,0.009535275,0.06460072,0.13100347,1.0
510000,1.1816492,1.0,0.18391366,1.0045005,90.37430167597765,0.9513914593734032,0.9513914593734032,1.1311837664340973,0.021712992,0.9469962,0.0002851311,0.19504368,0.009504865,0.06177112,0.09644571,1.0
540000,1.1059034,1.0,0.35872287,3.1677983,101.0377358490566,0.9429129144637347,0.9429129144637347,6.471688497220458,0.3728139,0.6042013,0.00028426797,0.19475599,0.009476122,0.32833698,2.351245,1.0
570000,1.0664381,1.0,0.20252623,4.326078,206.50980392156862,0.8814704184171179,0.8814704184171179,7.064251305994539,0.029401189,0.7441338,0.00028333787,0.19444595,0.00944515,0.15675193,4.1024218,1.0
600000,1.1673145,1.0,0.28280854,2.6513057,133.0787037037037,0.9406968294495371,0.9406968294495371,2.381277384919144,0.016808096,0.8543913,0.0002824665,0.19415548,0.009416134,0.09624444,0.1918998,1.0
630000,1.131095,1.0,0.27793372,1.5845338,111.18859649122807,0.9361829737082441,0.9361829737082441,2.083359319704803,0.01576084,0.9482535,0.00028158832,0.19386277,0.00938689,0.08343043,0.18850924,1.0
660000,1.1979803,1.0,0.19178571,1.2734162,198.90395480225988,0.9046676218768076,0.9046676218768076,2.6746544200130282,0.012626607,0.8695959,0.00028064902,0.19354968,0.009355612,0.08193749,0.15784264,1.0
690000,1.2502888,1.0,0.08067616,1.2571241,357.4,0.8216916587617662,0.8216916587617662,5.487030506470344,0.015818546,0.7560482,0.00027977553,0.19325851,0.009326524,0.07829627,0.2199659,1.0
720000,1.3525313,1.0,0.053999852,1.6400715,729.5454545454545,0.6062228951292733,0.6062228951292733,11.783704026446989,0.013888463,0.7637787,0.00027887474,0.19295822,0.009296526,0.07943705,0.16887416,1.0
750000,1.334788,1.0,0.07798246,1.4581763,325.80808080808083,0.8406907110330984,0.8406907110330984,5.116083243458541,0.01590285,0.85795647,0.00027795945,0.19265315,0.00926605,0.07854958,0.1138738,1.0
780000,1.3489158,1.0,0.03672066,1.5449158,370.7586206896552,0.7996858864640578,0.7996858864640578,6.493350175185463,0.011277623,0.7287484,0.00027703957,0.19234653,0.009235418,0.079885624,0.08813788,1.0
810000,1.3199595,1.0,0.036094546,1.4524475,210.96453900709218,0.8911453832654243,0.8911453832654243,3.736882764344097,0.037051264,0.7922013,0.00027613668,0.19204552,0.00920535,0.08226359,0.107205614,1.0
840000,1.2132926,1.0,0.15812002,1.340918,101.19520547945206,0.9484109572096638,0.9484109572096638,1.4034202439257595,0.016272416,0.91175795,0.00027519919,0.19173306,0.009174132,0.06120939,0.07683167,1.0
870000,1.1734996,2.0,0.1497745,1.1164521,81.59328358208955,0.9592309061505577,0.9592309061505577,1.0004815961793065,0.01395337,0.93104696,0.00027440026,0.19146676,0.0091475295,0.058659982,0.107056,1.0
900000,1.1963309,2.0,0.02142137,1.2473102,381.27272727272725,0.7213333234190941,0.7213333234190941,4.8056871485213435,0.013947022,0.8408151,0.00027346628,0.19115542,0.009116426,0.06571663,0.13320464,1.0
930000,1.1816888,2.0,0.05829312,1.1348989,236.30281690140845,0.8365673559924794,0.8365673559924794,2.760253028349123,0.014417211,1.0171968,0.00027254614,0.1908487,0.009085786,0.05264328,0.14404821,1.0
960000,1.1368719,2.0,-0.00792858,0.764001,280.5135135135135,0.7688293274243673,0.7688293274243673,2.6527789014577867,0.008659211,0.83259624,0.00027167442,0.19055815,0.009056757,0.04647111,0.15302944,1.0
990000,1.1672256,2.0,-0.005868645,0.7206671,319.20183486238534,0.7613774470108396,0.7613774470108396,2.422441907519219,0.014429688,0.9191657,0.00027075133,0.19025043,0.009026017,0.04829424,0.11368763,1.0
1020000,1.1889971,2.0,0.02681096,0.91219854,217.04375,0.8379139178255691,0.8379139178255691,2.2897405812658276,0.022267368,1.0798256,0.0002698293,0.1899431,0.008995315,0.0547155,0.13189343,1.0
1050000,1.0841485,2.0,0.092168055,0.9049296,143.73728813559322,0.9220377672063946,0.9220377672063946,1.34769366140969,0.02243472,1.2199154,0.0002689277,0.18964255,0.008965292,0.050919816,0.08922454,1.0
1080000,1.1997505,2.0,0.028821275,1.1200926,180.77443609022558,0.9026251829332775,0.9026251829332775,1.8929954624545104,0.01936968,0.9263246,0.00026806074,0.1893536,0.008936421,0.060283087,0.10060445,1.0
1110000,1.1052886,2.0,0.04770447,1.0916538,124.19396551724138,0.9261390008496051,0.9261390008496051,1.3000906829942498,0.023033384,1.0657367,0.0002671561,0.18905205,0.008906298,0.045547675,0.056721754,1.0
1140000,1.0651438,2.0,0.0059444807,1.042366,127.10545454545455,0.9252139080343837,0.9252139080343837,1.2317702457119704,0.03206892,1.098996,0.0002662227,0.1887409,0.008875215,0.046150956,0.08457469,1.0
1170000,0.9737665,2.0,-0.03794437,0.91212577,97.42902208201893,0.9445003166085197,0.9445003166085197,0.8127651255518671,0.043307368,1.1097593,0.00026530173,0.18843392,0.008844547,0.040903237,0.054669987,1.0
1200000,1.0127934,3.0,-0.0012226673,0.8540188,83.51933701657458,0.9669999990650674,0.9669999990650674,0.5414809028800461,0.029985126,1.0798055,0.000264508,0.18816933,0.008818116,0.041034527,0.09136554,1.0
1230000,1.1144931,3.0,-0.010878226,0.87119204,319.94117647058823,0.7052980305298286,0.7052980305298286,2.9486908540860113,0.013706237,0.9277134,0.00026354968,0.1878499,0.008786203,0.04462942,0.107837275,1.0
1260000,1.1579518,3.0,-0.024232062,0.9383033,549.1724137931035,0.5223292965955776,0.5223292965955776,4.9693709256063245,0.009194839,0.8121586,0.0002626348,0.18754494,0.008755737,0.043753635,0.09009369,1.0
1290000,1.0723177,3.0,0.00061909953,1.1240009,1003.741935483871,0.23233664284149805,0.23233664284149805,11.556963995844125,0.014541198,0.6312964,0.00026173767,0.18724589,0.008725864,0.06147374,0.097771145,1.0
1320000,1.1788086,3.0,0.007435404,0.90580446,647.3260869565217,0.5041333111003041,0.5041333111003041,5.72684278494368,0.006010738,0.7077823,0.00026084564,0.18694854,0.008696159,0.04098762,0.11830794,1.0
1350000,1.2594196,3.0,-0.017391006,0.88702667,374.3404255319149,0.7420855457584064,0.7420855457584064,3.28029474856125,0.016040359,0.82780325,0.00025990917,0.1866364,0.008664975,0.043012355,0.0727815,1.0
1380000,1.3050544,3.0,-0.03469773,1.1284177,389.56756756756755,0.7665631489240026,0.7665631489240026,18.293640392734424,2.8335214,0.69384,0.00025904315,0.18634772,0.008636137,0.53883785,0.30237705,1.0
1410000,1.3928329,3.0,-0.05172107,1.3253691,430.5735294117647,0.7474253603549146,0.7474253603549146,5.3415808105257465,0.21119529,0.69385064,0.0002581612,0.18605374,0.008606767,0.055648945,0.12215684,1.0
1440000,1.3265879,3.0,-0.06117056,0.9554984,329.9818181818182,0.797396598225933,0.797396598225933,2.9446310219118152,0.015688717,0.8244673,0.00025729768,0.18576589,0.008578013,0.042138495,0.14359689,1.0
1470000,1.215831,3.0,-0.05075006,0.9057902,1999.0,-0.9997875483240932,-0.9997875483240932,16.853371465578675,0.0012158501,0.45540896,0.00025638717,0.18546237,0.008547691,0.04035185,0.07360155,1.0
1500000,1.1373097,3.0,-0.0340263,0.81983966,1519.1666666666667,-0.45189503822475674,-0.45189503822475674,11.940062630735337,0.0029516236,0.52219254,0.000255451,0.18515033,0.008516519,0.038741253,0.09693856,1.0
1530000,1.3418112,3.0,-0.06116745,0.7949916,347.35164835164835,0.7281727165999737,0.7281727165999737,2.909305293515155,0.022432132,0.94364375,0.00025451716,0.18483904,0.008485421,0.036362976,0.18502188,1.0
1560000,1.262505,3.0,0.1195846,0.7756908,223.43708609271522,0.8550195879730824,0.8550195879730824,1.4504285337831322,0.010941053,1.0764978,0.00025361727,0.1845391,0.008455454,0.036904357,0.09734765,1.0
1590000,1.2380706,3.0,0.08241584,0.7428183,154.3695652173913,0.8941192287583273,0.8941192287583273,1.163048484536645,0.015498209,1.1413026,0.00025272774,0.18424258,0.008425833,0.0376986,0.1083916,1.0
1620000,1.149595,3.0,0.07706713,0.73191774,116.90421455938697,0.9345590708971484,0.9345590708971484,0.7601263088724328,0.017969783,1.1879936,0.00025181915,0.1839397,0.008395577,0.032488946,0.074234545,1.0
1650000,1.1417373,3.0,-0.002240402,0.70612437,147.1868131868132,0.9101319132729414,0.9101319132729414,1.0152337966050873,0.02031765,1.1298189,0.00025093253,0.18364418,0.008366054,0.035027202,0.10879206,1.0
1680000,1.1119654,3.0,0.1021209,0.6905181,154.56398104265404,0.896947315735061,0.896947315735061,1.0194703891373627,0.0139740985,1.1919578,0.000250026,0.183342,0.008335865,0.035739645,0.11762408,1.0
1710000,1.0875195,3.0,0.112531036,0.61460096,117.1830985915493,0.915613003977211,0.915613003977211,0.7772239502644659,0.012245563,1.2564542,0.0002491522,0.18305069,0.008306766,0.033224043,0.10073832,1.0
1740000,1.0370072,3.0,0.12986198,0.6123572,114.57950530035336,0.9316329734940683,0.9316329734940683,0.6728587579850014,0.013303066,1.2565688,0.0002482513,0.18275042,0.008276768,0.032306366,0.09099115,1.0
1770000,1.0806559,3.0,0.03384437,0.6583474,135.01941747572815,0.9029658657068816,0.9029658657068816,0.7559315584971605,0.018716024,1.2681408,0.00024734632,0.18244877,0.008246632,0.03062599,0.13227382,1.0
1800000,1.099155,3.0,0.054771576,0.67373675,123.84584980237155,0.9183172001242638,0.9183172001242638,0.7104275774359703,0.020802936,1.2742201,0.00024643695,0.18214563,0.0082163485,0.030831087,0.070453346,1.0
1830000,1.0470566,3.0,0.10459192,0.69277704,108.0,0.9217880766552228,0.9217880766552228,0.6920958243453732,0.014552084,1.2963432,0.00024560804,0.18186934,0.008188745,0.030486932,0.05051632,1.0
1860000,1.0496912,3.0,0.019500528,0.6197489,162.43434343434345,0.8827683909221943,0.8827683909221943,0.9910350021920673,0.017540392,1.1871465,0.00024466217,0.18155403,0.008157248,0.035214934,0.06651884,1.0
1890000,1.052562,3.0,0.06019315,0.64663774,119.74528301886792,0.9131435174494982,0.9131435174494982,0.8592427793752264,0.0177967,1.2561172,0.00024379145,0.1812638,0.008128254,0.033622537,0.07895594,1.0
1920000,0.9650437,3.0,0.09807581,0.6307551,138.760162601626,0.8956007988750935,0.8956007988750935,0.8619287361055613,0.01573575,1.3633568,0.00024287382,0.18095794,0.008097697,0.028768048,0.04275485,1.0
1950000,0.9330813,3.0,0.066690974,0.64036393,144.03765690376568,0.8955817374684241,0.8955817374684241,0.9271015453982451,0.018759439,1.2279948,0.0002418784,0.18062611,0.008064549,0.030039797,0.0502441,1.0
1980000,0.68244874,4.0,0.10627768,0.6262009,58.38604651162791,0.9681498859120512,0.9681498859120512,0.34545131280333147,0.02556365,1.4202214,0.00024104242,0.18034744,0.008036711,0.026972942,0.044814005,1.0
2010000,0.91190726,4.0,0.054241672,0.62140745,108.20379146919431,0.921485094102816,0.921485094102816,0.6419616238697647,0.018139446,1.2734745,0.00024017354,0.18005782,0.008007777,0.029790103,0.08149775,1.0
2040000,1.0081278,4.0,0.026632395,0.5999814,168.02469135802468,0.8644970224371978,0.8644970224371978,0.9279473014730251,0.017706415,1.2432702,0.00023928515,0.17976171,0.007978193,0.030324534,0.06519593,1.0
2070000,1.1334721,4.0,0.0027270974,0.88936573,438.3098591549296,0.6536689076471973,0.6536689076471973,9.446843120193964,0.90513885,0.5630473,0.00023837705,0.179459,0.007947953,0.14213464,0.10844938,1.0
2100000,1.0329347,4.0,0.05922975,0.7213411,172.8095238095238,0.9006120165189108,0.9006120165189108,0.9974560821276219,0.016597793,1.1816123,0.00023743355,0.1791445,0.007916536,0.026729792,0.08478173,1.0
2130000,0.8713086,4.0,0.16438554,0.5391995,98.76276276276276,0.9347525979947606,0.9347525979947606,0.48799702487544183,0.02017427,1.3410875,0.00023655566,0.17885187,0.007887301,0.022491755,0.05066,1.0
2160000,0.9679204,4.0,0.121274814,0.49864617,106.71428571428571,0.9272303989827633,0.9272303989827633,0.5076776716262102,0.017671945,1.2741559,0.00023567762,0.1785592,0.007858063,0.021954296,0.04874876,1.0
2190000,0.9256136,4.0,0.14346564,0.4628827,113.09152542372881,0.927894805541913,0.927894805541913,0.48858894559532196,0.01775451,1.2827299,0.00023470478,0.17823492,0.007825666,0.020481778,0.03571128,1.0
2220000,0.88619685,4.0,0.13214947,0.48688963,87.20212765957447,0.9443527575196891,0.9443527575196891,0.40421867269123424,0.017881576,1.2834723,0.00023387292,0.17795764,0.0077979676,0.023582265,0.047410306,1.0
2250000,0.9277874,4.0,0.088340335,0.53570795,144.36363636363637,0.8819593047295814,0.8819593047295814,0.7621731580803534,0.018561363,1.2724571,0.00023292226,0.17764075,0.007766311,0.025121406,0.054341782,1.0
2280000,0.8673925,4.0,0.080975115,0.588686,100.03690036900369,0.9268802853841935,0.9268802853841935,0.5013081944384028,0.023136528,1.3593315,0.00023204499,0.17734832,0.0077370973,0.02352141,0.0483684,1.0
2310000,0.87214184,4.0,0.10490373,0.53583515,103.7829181494662,0.9192740354883043,0.9192740354883043,0.5552660318450969,0.020569237,1.3308992,0.00023114526,0.17704841,0.007707136,0.025141878,0.057953555,1.0
2340000,0.83723575,4.0,0.13829096,0.47431874,102.5728476821192,0.9303318479493873,0.9303318479493873,0.49497466526083544,0.018608542,1.3069341,0.0002302389,0.1767463,0.0076769544,0.022612764,0.041820675,1.0
2370000,0.68816143,5.0,0.1744135,0.45642468,66.61327231121281,0.9572954561900009,0.9572954561900009,0.25884296590970324,0.022462508,1.4015979,0.00022932996,0.17644331,0.007646687,0.018651994,0.02811307,1.0
2400000,0.75617063,5.0,0.09749388,0.7923626,103.044,0.9292211771595712,0.9292211771595712,2.6275456746419272,0.6468557,0.8770722,0.00022845661,0.1761522,0.007617605,0.101093516,0.06689824,1.0
2430000,0.7583258,5.0,0.18787809,0.57317764,76.88713910761155,0.9456255266933065,0.9456255266933065,0.3201706006081383,0.018852687,1.3789749,0.00022756503,0.17585503,0.0075879144,0.018370045,0.03567462,1.0
2460000,0.61842626,6.0,0.18741935,0.6257654,52.39375,0.9714665962304888,0.9714665962304888,0.23174510355412709,0.03795397,1.3155808,0.00022665286,0.17555097,0.0075575383,0.027550882,0.03828108,1.0
2490000,0.8661886,7.0,0.18194105,1.2391328,65.84615384615384,0.9616227972615569,0.9616227972615569,1.6707839264963884,0.43223557,0.6875355,0.00022583693,0.17527896,0.007530368,0.0918476,0.15454338,1.0
2520000,0.9232758,7.0,0.05037329,1.3237742,671.4,0.37398773872730684,0.37398773872730684,7.79630784173401,0.014485166,0.5860389,0.00022484502,0.17494832,0.007497338,0.079613,0.23697072,1.0
2550000,0.82856876,7.0,0.014923207,1.2210625,794.075,0.2575384429058967,0.2575384429058967,10.561587867159874,0.0085725,0.6513626,0.0002239492,0.17464972,0.0074675065,0.050793674,0.075425096,1.0
2580000,0.9353691,7.0,-0.048133515,0.9690346,810.8529411764706,0.2723117459784536,0.2723117459784536,7.243500495439067,0.006891039,0.6069409,0.00022307408,0.17435798,0.007438364,0.04516708,0.08720915,1.0
2610000,0.911834,7.0,0.026471728,0.9837516,679.9583333333334,0.4917639824748039,0.4917639824748039,6.265241449587047,0.008172397,0.6653645,0.0002221463,0.17404877,0.0074074706,0.048149534,0.08073093,1.0
2640000,0.9090983,7.0,0.0052967877,1.2191731,435.1714285714286,0.6586720467928577,0.6586720467928577,6.894977464395411,0.09581883,0.61948067,0.00022126173,0.17375389,0.007378014,0.088527575,0.15257129,1.0
2670000,0.9324294,7.0,-0.031048398,1.2399585,798.9714285714285,0.3426028345312391,0.3426028345312391,9.423236925687108,0.010329978,0.61474425,0.00022035572,0.1734519,0.007347844,0.053125624,0.08744044,1.0
2700000,0.84037834,7.0,-0.036879707,0.97266775,804.3589743589744,0.2652486962958788,0.2652486962958788,8.616110354661942,0.012605655,0.6315113,0.00021946263,0.17315419,0.007318104,0.050769392,0.13160561,1.0
2730000,0.8881464,7.0,-0.036876615,1.0053982,1148.5384615384614,0.08305596858263016,0.08305596858263016,10.171087346076966,0.009172154,0.625667,0.00021856024,0.17285341,0.0072880555,0.0463785,0.12920171,1.0
2760000,0.8705426,7.0,-0.032763895,0.9104615,1348.1363636363637,-0.32355836778879166,-0.32355836778879166,11.343226038540402,0.005194016,0.5377888,0.00021763961,0.1725465,0.007257397,0.037152547,0.037553344,1.0
2790000,0.8264359,7.0,-0.033348985,0.8659319,1049.7241379310344,0.12849652201964937,0.12849652201964937,8.760556573497839,0.00994137,0.6663102,0.00021675556,0.17225187,0.007227959,0.046334896,0.07329932,1.0
2820000,0.93260217,7.0,-0.03554817,1.1966457,1303.5,-0.1611000285907225,-0.1611000285907225,14.939353117888624,0.010126312,0.5662118,0.00021584533,0.17194843,0.007197648,0.061809655,0.069988206,1.0
2850000,0.96332204,7.0,-0.04204015,1.223382,925.1333333333333,0.15027876062826676,0.15027876062826676,11.99088386601458,0.017567212,0.73757,0.00021493115,0.17164369,0.007167207,0.060134266,0.103205495,1.0
2880000,0.99001753,7.0,-0.051923063,1.2170558,1197.4615384615386,-0.060747858298861465,-0.060747858298861465,12.736220029385194,0.005658867,0.5388898,0.00021405698,0.17135228,0.007138096,0.05125295,0.09722215,1.0
2910000,0.98355645,7.0,-0.06391964,1.0431132,1423.4761904761904,-0.22274785731797633,-0.22274785731797633,14.180609409899816,0.031537507,0.68281895,0.00021317227,0.1710574,0.007108635,0.071214356,0.19454624,1.0
2940000,0.72476166,7.0,-0.059570145,1.4650117,1225.125,-0.14814402669668197,-0.14814402669668197,19.950298846960067,0.015952755,0.59717315,0.00021225357,0.17075117,0.0070780423,0.06362732,0.07247353,1.0
2970000,0.88732165,7.0,-0.056575805,1.0643959,1571.8235294117646,-0.5094125375617296,-0.5094125375617296,14.070081199519336,0.004896888,0.5359196,0.00021133451,0.17044483,0.007047437,0.04087967,0.041628454,1.0
3000000,0.9120094,7.0,-0.058534637,0.9973707,1573.2777777777778,-0.3162294542964767,-0.3162294542964767,13.0624738212894,0.00868334,0.5941133,0.00021044636,0.17014879,0.0070178625,0.05708869,0.06701153,1.0
3030000,0.8317511,7.0,-0.057987135,1.0467557,1911.0,-0.9001778237935569,-0.9001778237935569,20.23114921980434,0.002565888,0.60960406,0.00020954938,0.1698498,0.0069879927,0.036459405,0.05044408,1.0
3060000,0.90228385,7.0,-0.056494154,0.8937022,1810.0555555555557,-0.7232059260063312,-0.7232059260063312,15.782676214680952,0.015601405,0.6242307,0.00020865515,0.16955172,0.006958215,0.05195729,0.06787101,1.0
3090000,0.98175484,7.0,-0.048101503,0.94772077,1933.3333333333333,-0.9168333804441823,-0.9168333804441823,18.935370571911335,0.0040337,0.51412624,0.00020775519,0.16925173,0.0069282465,0.04433624,0.09057642,1.0
3120000,0.9717387,7.0,-0.04934919,1.2375524,1733.4375,-0.6169187950436026,-0.6169187950436026,20.131968396832235,0.021210976,0.51763874,0.00020685753,0.16895248,0.0068983543,0.0545225,0.10713869,1.0
3150000,0.99426234,7.0,-0.058582284,1.28322,1893.0,-0.8765667138000329,-0.8765667138000329,21.462154628833137,0.019139262,0.5153387,0.00020595836,0.16865279,0.0068684113,0.053918827,0.13333629,1.0
3180000,0.9761392,7.0,-0.061005864,1.0086373,1964.7058823529412,-0.9190437979996204,-0.9190437979996204,18.52189485821873,0.0036603846,0.5263739,0.00020506284,0.16835427,0.0068385904,0.039205734,0.095511265,1.0
3210000,0.9948881,7.0,-0.052217416,0.91494447,1940.2142857142858,-0.9115437986329198,-0.9115437986329198,17.61073928605765,0.016542414,0.54545367,0.00020416419,0.16805471,0.006808665,0.0437497,0.114079975,1.0
3240000,1.0429729,7.0,-0.04573148,1.109495,1912.6666666666667,-0.8899333799878756,-0.8899333799878756,22.76947386264801,0.04861289,0.5321943,0.00020326558,0.16775519,0.0067787417,0.06762859,0.10855853,1.0
3270000,1.126294,7.0,-0.062081236,1.3776921,1700.111111111111,-0.5769118127577445,-0.5769118127577445,22.451432571691626,0.004990101,0.54138875,0.00020236666,0.16745554,0.006748807,0.048922583,0.109771855,1.0
3300000,1.0989996,7.0,-0.044467643,1.1890615,1471.6666666666667,-0.4202905173103015,-0.4202905173103015,17.445131222761812,0.008980197,0.566799,0.00020147329,0.16715775,0.006719059,0.060054597,0.08084015,1.0
3330000,1.0295279,7.0,-0.011000728,1.7104808,1531.4736842105262,-0.38398003783077,-0.38398003783077,40.02094671726227,0.5792597,0.5343045,0.000200549,0.16684963,0.0066882796,0.13307814,0.40258896,1.0
3360000,1.0243411,7.0,0.022376776,1.2328289,1398.4761904761904,-0.37829503808170556,-0.37829503808170556,15.980728115350939,0.0057331384,0.5985387,0.00019962265,0.16654086,0.0066574323,0.0336994,0.15225062,1.0
3390000,1.0676346,7.0,-0.025992382,0.8668964,1585.3,-0.45732003562152385,-0.45732003562152385,11.062391731142998,0.0025330705,0.44017914,0.0001987318,0.16624393,0.006627767,0.03598938,0.08954435,1.0
3420000,1.1064881,7.0,-0.027383909,0.8873697,1433.2222222222222,-0.30180003611665024,-0.30180003611665024,11.782840338290521,0.004259146,0.55568004,0.00019784132,0.1659471,0.0065981145,0.043201447,0.07809261,1.0
3450000,1.0652944,7.0,-0.017581899,0.9378725,1267.4615384615386,-0.1392440354824066,-0.1392440354824066,11.781329772621394,0.004721788,0.5823012,0.00019695511,0.1656517,0.006568603,0.044580135,0.09937189,1.0
3480000,1.1569585,7.0,-0.015246183,0.92545694,1398.9473684210527,-0.36467503700405357,-0.36467503700405357,12.313076727930456,0.012168008,0.65053093,0.00019607593,0.16535863,0.0065393257,0.041161876,0.0478792,1.0
3510000,1.0141096,7.0,-0.029312145,0.8266848,1328.6,-0.23830873065668604,-0.23830873065668604,12.873643008263215,0.005322072,0.52617633,0.00019515018,0.16505003,0.006508499,0.03943507,0.085666284,1.0
3540000,1.070399,7.0,-0.021363607,1.0183302,1009.2413793103449,0.11423100543947055,0.11423100543947055,9.246488472511029,0.0071588815,0.60945505,0.00019423406,0.16474466,0.0064779925,0.04863967,0.115926675,1.0
3570000,1.1338017,7.0,-0.028107055,1.0231158,969.030303030303,0.19698482277718457,0.19698482277718457,8.675799595220298,0.040839706,0.63636726,0.00019336511,0.16445501,0.006449057,0.051986355,0.08382895,1.0
3600000,1.0762825,7.0,-0.0351309,0.9604127,1028.5862068965516,0.18995169575872092,0.18995169575872092,9.903433853021726,0.008303238,0.6405393,0.00019245037,0.16415009,0.0064185956,0.037808437,0.08015858,1.0
3630000,1.1186306,7.0,-0.042900402,0.87622195,942.9032258064516,0.14802664120992023,0.14802664120992023,10.018656128644944,0.06074428,0.55437976,0.0001915421,0.16384736,0.0063883513,0.054481294,0.09591032,1.0
3660000,1.0946333,7.0,-0.024425494,0.9154438,881.1666666666666,0.11734372447244823,0.11734372447244823,8.390016453719,0.005293813,0.6193598,0.00019066581,0.16355525,0.006359171,0.040735133,0.07352696,1.0
3690000,1.092664,7.0,0.0536132,1.0596333,866.1212121212121,0.22791560599580407,0.22791560599580407,9.041989642195404,0.007317037,0.62849337,0.0001897701,0.1632567,0.0063293423,0.060848832,0.104374364,1.0
3720000,1.061197,7.0,-0.02403238,1.0233276,997.6666666666666,0.11701467896209043,0.11701467896209043,10.05311100206831,0.0090942485,0.7039735,0.00018887092,0.16295697,0.0062993993,0.0462009,0.10225738,1.0
3750000,0.9993188,7.0,-0.04066058,1.16117,1119.92,0.07444612954098445,0.07444612954098445,14.05219921290588,0.017461343,0.619638,0.00018796223,0.16265406,0.00626914,0.06392419,0.08790917,1.0
3780000,0.97030854,7.0,-0.055446655,0.95360285,1293.1538461538462,-0.20070437763048254,-0.20070437763048254,10.938262828018354,0.0050871377,0.55647045,0.00018704044,0.16234683,0.0062384456,0.042245474,0.054827217,1.0
3810000,0.99576217,7.0,-0.051665686,1.0358449,1104.56,0.00695381943996136,0.00695381943996136,11.916235289321495,0.0071700546,0.6146044,0.00018616131,0.16205378,0.006209171,0.054180775,0.060318474,1.0
3840000,1.003667,7.0,-0.054079592,0.9625192,1190.0,-0.05096669605484715,-0.05096669605484715,9.327860417534355,0.006778548,0.6111109,0.00018524699,0.16174898,0.006178722,0.03499588,0.017920777,1.0
3870000,1.0173995,7.0,-0.05259557,0.8812891,966.8,0.08104371884837747,0.08104371884837747,10.167772644883371,0.012473565,0.659087,0.00018433978,0.16144659,0.0061485134,0.056311194,0.08120699,1.0
3900000,1.0055795,7.0,-0.05212956,1.0536007,887.4814814814815,0.27065860094695254,0.27065860094695254,10.333612174309533,0.007924718,0.5815508,0.00018347036,0.16115676,0.006119561,0.04838471,0.0944193,1.0
3930000,1.0148299,7.0,-0.032803178,0.98300534,1438.04,-0.24911669983218113,-0.24911669983218113,14.341580595821142,0.02549735,0.5699014,0.00018254863,0.16084951,0.0060888673,0.051459588,0.08066593,1.0
3960000,1.0911568,7.0,-0.036788672,1.0268049,1475.25,-0.3432611448483335,-0.3432611448483335,14.845261259211433,0.0035623184,0.55829734,0.00018163006,0.16054334,0.0060582794,0.040773425,0.07036203,1.0
3990000,1.0442232,7.0,-0.046217673,1.0047834,1257.9166666666667,-0.22315603211522103,-0.22315603211522103,12.002097670733928,0.004730699,0.5586183,0.00018074574,0.16024859,0.0060288324,0.040345196,0.0590305,1.0
4020000,1.0031836,7.0,-0.042833835,0.98604846,1589.5,-0.4950421436836845,-0.4950421436836845,13.426836775321709,0.013368305,0.5411547,0.00017985395,0.1599513,0.0059991335,0.05794506,0.114430845,1.0
4050000,1.0046171,7.0,-0.045178168,0.9691649,1271.12,-0.18815387670810407,-0.18815387670810407,12.195523872398413,0.00605494,0.59919983,0.00017896481,0.1596549,0.0059695262,0.035017107,0.06370946,1.0
4080000,1.0367737,7.0,-0.049377307,0.6720015,1511.7777777777778,-0.47826670565538937,-0.47826670565538937,9.538084174195925,0.0020953768,0.4916321,0.00017807983,0.15935993,0.005940056,0.033135984,0.072876304,1.0
4110000,1.0345016,7.0,-0.04775404,0.86560565,1305.3478260869565,-0.18248639154163274,-0.18248639154163274,9.951861781491475,0.0047850455,0.6200007,0.00017714937,0.15904978,0.0059090727,0.043312166,0.073624566,1.0
4140000,1.0300465,7.0,-0.05321628,0.90543014,1207.8461538461538,-0.17425928678777483,-0.17425928678777483,11.058958938828221,0.005114978,0.5681886,0.00017622898,0.158743,0.005878423,0.047461376,0.08504125,1.0
4170000,1.0698588,7.0,-0.05712388,0.9599932,1396.8095238095239,-0.3440421388337487,-0.3440421388337487,13.73040592356732,0.0043388936,0.5156698,0.00017534033,0.15844676,0.0058488324,0.043034296,0.075234614,1.0
4200000,1.0741018,7.0,-0.06087955,1.0269022,1330.3333333333333,-0.20399603009223938,-0.20399603009223938,12.23640654206276,0.010192496,0.6056704,0.00017445738,0.15815243,0.0058194287,0.046331212,0.06994332,1.0
4230000,1.031759,7.0,-0.056186862,0.9462207,1333.0,-0.2499833667340378,-0.2499833667340378,10.516759522880117,0.004152911,0.575217,0.00017357292,0.15785763,0.0057899766,0.048650812,0.111893356,1.0
4260000,0.944925,7.0,-0.029697647,1.1806694,1248.8333333333333,-0.21000873038302298,-0.21000873038302298,17.068576305456784,0.03418488,0.7492504,0.00017265185,0.15755063,0.0057593053,0.05856038,0.074962445,1.0
4290000,1.021023,7.0,-0.055346344,0.9928861,1649.2,-0.5018059194964521,-0.5018059194964521,13.433912603294148,0.0023499404,0.533094,0.00017173144,0.15724377,0.005728654,0.03898016,0.04965925,1.0
4320000,1.0485718,7.0,-0.05407365,0.7806704,1384.2727272727273,-0.38142384801592144,-0.38142384801592144,9.44616644953688,0.0033141545,0.53081584,0.00017083576,0.15694521,0.0056988294,0.03301848,0.03688405,1.0
4350000,1.0195061,7.0,-0.054357402,0.66791886,1724.388888888889,-0.5412889238860872,-0.5412889238860872,12.211205444816086,0.0042047417,0.52652353,0.00016994619,0.15664871,0.005669206,0.029038876,0.019579848,1.0
4380000,1.031853,7.0,-0.048311163,0.7105989,1107.0689655172414,-0.06273217499256134,-0.06273217499256134,8.206271073647908,0.0046286443,0.51978976,0.00016905564,0.15635186,0.005639551,0.03741246,0.07097777,1.0
4410000,1.0783641,7.0,-0.048711423,0.71760947,948.5,0.24098707086616947,0.24098707086616947,6.200158455679493,0.006168678,0.572397,0.00016814444,0.15604812,0.005609208,0.033524614,0.03505464,1.0
4440000,1.0561748,7.0,-0.060474034,0.6674905,1035.111111111111,0.04203843755217699,0.04203843755217699,5.6361996949865265,0.0039583985,0.54547554,0.00016722508,0.15574166,0.0055785924,0.033819687,0.06624353,1.0
4470000,1.1022234,7.0,-0.054468162,0.8549239,1159.0384615384614,-0.005200021520808891,-0.005200021520808891,9.62395721025489,0.01002579,0.6488427,0.00016635208,0.15545067,0.0055495235,0.044710204,0.093915634,1.0
4500000,1.1406769,7.0,-0.05522875,0.6443081,1586.047619047619,-0.4598619426999773,-0.4598619426999773,9.85707022710925,0.0029502201,0.48829195,0.00016546536,0.1551551,0.005519995,0.02630683,0.04386514,1.0
